DATE,POTENTIAL EVAPOTRANSPIRATION
1,3.3
1,3.2
1,3
1,3.4
2,4.8
2,4.4
2,4.2
2,4.2
3,7.9
3,7.1
3,6.5
3,6.7
4,11.3
4,9.9
4,9.3
4,9.1
5,14.8
5,12.9
5,11.7
5,11.3
6,16.3
6,14.5
6,13.5
6,13.1
7,13.7
7,12.8
7,12.6
7,12.7
8,12
8,11.4
8,11.1
8,11.4
9,11.2
9,10.4
9,9.8
9,9.9
10,8
10,7.2
10,6.7
10,6.6
11,4.6
11,4.5
11,4.2
11,4.6
12,3.2
12,3.3
12,3
12,3.4
13,3.5
13,3.3
13,3.1
13,3.5
14,5
14,4.3
14,4.1
14,4.3
15,7.8
15,6.8
15,6.3
15,6.4
16,11.3
16,9.8
16,9
16,8.8
17,15.2
17,13.5
17,12.3
17,11.6
18,16.7
18,15.1
18,14.3
18,13.8
19,13.6
19,12.8
19,12.4
19,12.6
20,12
20,11.5
20,11.3
20,11.5
21,11.1
21,10.4
21,9.8
21,9.9
22,7.8
22,7.2
22,6.7
22,6.7
23,4.4
23,4.3
23,4
23,4.3
24,3.1
24,3.1
24,3
24,3.4
25,3.2
25,3
25,2.7
25,3.2
26,4.8
26,4.3
26,3.9
26,4.1
27,7
27,6
27,5.4
27,5.8
28,10.7
28,9.3
28,8.6
28,8.6
29,14.7
29,12.8
29,11.6
29,11.1
30,16.8
30,15.1
30,14.1
30,13.6
31,13.4
31,12.6
31,12.3
31,12.3
32,11.7
32,11.2
32,11
32,11.3
33,11.4
33,10.4
33,9.9
33,9.9
34,8
34,7.3
34,6.9
34,6.8
35,4.4
35,4.3
35,4
35,4.3
36,3.1
36,3.2
36,3
36,3.4
37,3.1
37,2.9
37,2.7
37,3.1
38,5.1
38,4.6
38,4.2
38,4.4
39,7.7
39,6.8
39,6.3
39,6.5
40,11.6
40,9.9
40,9
40,8.8
41,14.8
41,13
41,11.8
41,11.3
42,16.9
42,15.1
42,14.2
42,13.8
43,13.7
43,13
43,12.8
43,13
44,12
44,11.5
44,11.3
44,11.5
45,11.1
45,10.2
45,9.6
45,9.7
46,7.7
46,7
46,6.6
46,6.5
47,4.4
47,4.5
47,4.2
47,4.5
48,3.2
48,3.3
48,3
48,3.4
49,3.1
49,3.1
49,2.9
49,3.2
50,4
50,3.6
50,3.5
50,3.6
51,6.7
51,5.9
51,5.4
51,5.6
52,11
52,9.6
52,8.7
52,8.7
53,15.1
53,13.2
53,12
53,11.3
54,16.6
54,15
54,14.1
54,13.7
55,13.4
55,12.7
55,12.4
55,12.6
56,12
56,11.4
56,11.1
56,11.3
57,11.2
57,10.4
57,9.8
57,9.9
58,8
58,7.3
58,6.9
58,6.9
59,4.6
59,4.5
59,4.2
59,4.5
60,3.1
60,3.2
60,3
60,3.4
61,3
61,3.1
61,2.8
61,3.1
62,4.7
62,4.2
62,3.9
62,4.1
63,7.4
63,6.7
63,6.3
63,6.4
64,11.3
64,9.8
64,9
64,8.8
65,15.2
65,13.4
65,12
65,11.4
66,16.6
66,15
66,14.1
66,13.7
67,13.6
67,12.9
67,12.6
67,12.8
68,12
68,11.5
68,11.3
68,11.5
69,11.1
69,10.2
69,9.7
69,9.8
70,8
70,7.3
70,6.9
70,6.8
71,4.6
71,4.5
71,4.2
71,4.5
72,3.2
72,3.3
72,3
72,3.4
73,3.6
73,3.3
73,3
73,3.4
74,4.7
74,4.2
74,3.9
74,4.1
75,7.1
75,6.4
75,6
75,6.2
76,11.2
76,9.9
76,9
76,9
77,14.4
77,12.7
77,11.4
77,11.2
78,16.1
78,14.4
78,13.5
78,13.2
79,13.7
79,12.9
79,12.7
79,13.1
80,11.8
80,11.3
80,11.1
80,11.4
81,11.1
81,10.1
81,9.6
81,9.6
82,7.7
82,6.9
82,6.3
82,6.4
83,4.4
83,4.3
83,3.9
83,4.3
84,3.1
84,3.3
84,3
84,3.4
85,3.3
85,3.3
85,3
85,3.4
86,4.8
86,4.3
86,3.9
86,4.2
87,7.5
87,6.5
87,6
87,6.1
88,11.6
88,10
88,9.1
88,8.8
89,14.7
89,12.9
89,11.7
89,11.3
90,16.9
90,15
90,14.1
90,13.6
91,13.7
91,13
91,12.9
91,13.1
92,11.7
92,11.3
92,11.1
92,11.4
93,11
93,10.2
93,9.7
93,9.8
94,7.7
94,7
94,6.6
94,6.5
95,4.4
95,4.3
95,4.2
95,4.3
96,3.1
96,3.2
96,3
96,3.4
97,3.2
97,3.1
97,2.9
97,3.1
98,4.5
98,4.2
98,3.9
98,4.1
99,7.7
99,6.8
99,6.3
99,6.4
100,11.5
100,10.2
100,9.5
100,9.3
101,14.9
101,13.2
101,12
101,11.6
102,16.7
102,15.1
102,14.2
102,13.7
103,13.2
103,12.7
103,12.3
103,12.6
104,12
104,11.6
104,11.4
104,11.7
105,10.9
105,10.2
105,9.7
105,9.7
106,7.8
106,7.3
106,6.7
106,6.7
107,4.7
107,4.6
107,4.3
107,4.6
108,3.2
108,3.3
108,3.1
108,3.4
109,3.3
109,3.2
109,3
109,3.4
110,5
110,4.5
110,4.2
110,4.4
111,7.4
111,6.5
111,6
111,6.1
112,11.3
112,9.9
112,9
112,9
113,15.2
113,13.5
113,12.3
113,11.7
114,16.6
114,14.9
114,14.1
114,13.7
115,13.4
115,13
115,12.7
115,13
116,11.9
116,11.5
116,11.4
116,11.7
117,11.1
117,10.3
117,9.7
117,9.7
118,7.7
118,7.1
118,6.7
118,6.7
119,4.4
119,4.3
119,4
119,4.3
120,2.9
120,3
120,2.7
120,3.1
121,3.3
121,3.1
121,2.9
121,3.3
122,4.9
122,4.3
122,4.2
122,4.3
123,7.1
123,6.4
123,6
123,6.2
124,11.3
124,9.9
124,9
124,9
125,15.2
125,13.4
125,12.2
125,11.6
126,16.9
126,15.3
126,14.4
126,14
127,13.7
127,13
127,12.6
127,13
128,12.1
128,11.6
128,11.1
128,11.4
129,11.2
129,10.4
129,9.8
129,9.8
130,8
130,7.3
130,6.7
130,6.7
131,4.2
131,4.2
131,3.9
131,4.1
132,3.1
132,3
132,3
132,3.4
133,3.3
133,3.1
133,2.9
133,3.3
134,5.1
134,4.6
134,4.2
134,4.5
135,7.5
135,6.7
135,6
135,6.4
136,11.6
136,10.4
136,9.6
136,9.5
137,15
137,13.2
137,12
137,11.5
138,16.9
138,15.1
138,14.2
138,13.7
139,14
139,13.3
139,13.2
139,13.1
140,11.8
140,11.4
140,11.1
140,11.4
141,10.8
141,10
141,9.4
141,9.6
142,8
142,7.3
142,6.9
142,6.9
143,4.4
143,4.3
143,4
143,4.3
144,3.1
144,3.3
144,3
144,3.4
145,3.4
145,3.3
145,3
145,3.4
146,4.8
146,4.3
146,3.9
146,4.2
147,7.1
147,6.4
147,5.9
147,6
148,11.3
148,9.8
148,9
148,8.9
149,14.9
149,13.3
149,12.2
149,11.6
150,16.6
150,15
150,14.1
150,13.8
151,13.8
151,13.2
151,13.1
151,13.1
152,11.8
152,11.3
152,11
152,11.4
153,11.1
153,10.4
153,9.8
153,9.8
154,7.8
154,7.2
154,6.7
154,6.7
155,4.4
155,4.2
155,3.9
155,4.3
156,3.1
156,3.2
156,3
156,3.4
157,3.6
157,3.4
157,3.2
157,3.5
158,4.8
158,4.5
158,4.2
158,4.3
159,7.4
159,6.7
159,6.2
159,6.4
160,11.6
160,10.1
160,9.3
160,9.3
161,15.1
161,13.3
161,12.1
161,11.6
162,17.4
162,15.7
162,15
162,14.6
163,14
163,13.5
163,13.2
163,13.4
164,11.7
164,11.3
164,11.1
164,11.4
165,11.7
165,10.7
165,10.3
165,10.4
166,7.7
166,7
166,6.6
166,6.6
167,4.4
167,4.3
167,4
167,4.3
168,3
168,3
168,3
168,3.3
169,3.3
169,3.2
169,3
169,3.4
170,4.5
170,4.2
170,3.9
170,4
171,8.1
171,7.3
171,6.6
171,6.7
172,11.6
172,10.1
172,9.3
172,9.1
173,16.1
173,14.2
173,13.1
173,12.4
174,17.2
174,15.4
174,14.7
174,14.3
175,13.8
175,13.1
175,12.6
175,12.8
176,12.3
176,11.8
176,11.7
176,11.9
177,11.8
177,11
177,10.5
177,10.4
178,8.3
178,7.6
178,7
178,7
179,4.6
179,4.5
179,4.3
179,4.6
180,3.2
180,3.3
180,3.1
180,3.6
181,3.5
181,3.3
181,3
181,3.4
182,4.8
182,4.2
182,3.9
182,4.1
183,8.3
183,7.4
183,6.6
183,6.7
184,11.9
184,10.5
184,9.8
184,9.6
185,14.9
185,13.2
185,12
185,11.6
186,16.7
186,14.8
186,13.9
186,13.5
187,13.7
187,13
187,12.9
187,13.1
188,12
188,11.8
188,11.6
188,12
189,11.1
189,10.4
189,9.8
189,9.9
190,8
190,7.3
190,6.9
190,6.8
191,4.3
191,4.2
191,3.9
191,4.1
192,3.1
192,3.1
192,3
192,3.4
193,3.6
193,3.4
193,3.1
193,3.5
194,5.4
194,4.8
194,4.5
194,4.6
195,7.8
195,7
195,6.4
195,6.6
196,11.3
196,10.1
196,9.3
196,9.4
197,14.8
197,13.4
197,12.5
197,12.1
198,16.9
198,15.1
198,14.4
198,14
199,13.7
199,13
199,12.9
199,12.9
200,11.7
200,11.3
200,11.3
200,11.7
201,11
201,10.3
201,9.8
201,10
202,7.7
202,7.1
202,6.7
202,6.7
203,4.3
203,4.2
203,4
203,4.2
204,3.2
204,3.3
204,3
204,3.4
205,3.2
205,3.1
205,2.9
205,3.3
206,4.9
206,4.5
206,4.1
206,4.3
207,7.5
207,6.7
207,6.2
207,6.4
208,11
208,9.7
208,9
208,8.9
209,15.8
209,13.9
209,12.6
209,11.9
210,16.9
210,15.3
210,14.6
210,14.1
211,14
211,13.3
211,13
211,13.3
212,12.3
212,11.8
212,11.7
212,11.9
213,11.2
213,10.4
213,9.9
213,10
214,8
214,7.3
214,6.9
214,6.8
215,4.4
215,4.2
215,3.9
215,4.1
216,3
216,3
216,2.7
216,3.1
217,3.1
217,3
217,2.7
217,3.1
218,4.5
218,4.1
218,3.9
218,4.1
219,7.5
219,6.6
219,6
219,6.1
220,11.3
220,10.1
220,9.1
220,9.1
221,14.9
221,13.1
221,12
221,11.6
222,16.9
222,15.1
222,14.1
222,13.8
223,13.4
223,12.7
223,12.6
223,12.6
224,11.8
224,11.3
224,11.4
224,11.7
225,10.8
225,10.1
225,9.5
225,9.6
226,8
226,7.3
226,6.9
226,6.8
227,4.4
227,4.3
227,4
227,4.2
228,3.1
228,3.2
228,3
228,3.4
229,3.3
229,3.2
229,3
229,3.5
230,4.5
230,4.2
230,3.9
230,4
231,7.4
231,6.7
231,6
231,6.3
232,11
232,9.6
232,8.7
232,8.7
233,13.8
233,12.4
233,11.2
233,10.9
234,16.1
234,14.6
234,13.7
234,13.4
235,13.3
235,12.5
235,12.3
235,12.6
236,12
236,11.6
236,11.3
236,11.4
237,11.2
237,10.2
237,9.6
237,9.6
238,8.1
238,7.3
238,6.9
238,6.8
239,4.4
239,4.3
239,3.9
239,4.3
240,3.1
240,3
240,2.8
240,3.1
241,3.3
241,3.2
241,3
241,3.3
242,4.4
242,4
242,3.6
242,4
243,8.1
243,7
243,6.5
243,6.7
244,11.9
244,10.5
244,9.6
244,9.3
245,15.3
245,13.4
245,12.1
245,11.4
246,16.6
246,14.8
246,13.8
246,13.2
247,13.7
247,13
247,12.7
247,12.8
248,11.8
248,11.3
248,11.1
248,11.4
249,11.1
249,10.1
249,9.6
249,9.7
250,7.8
250,7.1
250,6.7
250,6.8
251,4.4
251,4.3
251,4
251,4.3
252,3.2
252,3.2
252,3
252,3.4
253,3.3
253,3.2
253,3
253,3.4
254,5.1
254,4.6
254,4.2
254,4.4
255,7.8
255,6.8
255,6.3
255,6.4
256,11.6
256,10.1
256,9.3
256,9
257,14.9
257,13.1
257,11.9
257,11.3
258,16.6
258,14.9
258,14
258,13.6
259,13.4
259,12.7
259,12.4
259,12.6
260,12
260,11.4
260,11.1
260,11.4
261,11.1
261,10.2
261,9.7
261,9.9
262,7.7
262,7.1
262,6.7
262,6.8
263,4.4
263,4.3
263,4.1
263,4.3
264,3.1
264,3.3
264,3
264,3.4
265,3.3
265,3.3
265,3
265,3.4
266,4.8
266,4.5
266,4.1
266,4.3
267,7.8
267,6.8
267,6.3
267,6.4
268,11.6
268,10.1
268,9.1
268,8.8
269,14.7
269,13
269,11.9
269,11.4
270,16.4
270,14.8
270,13.8
270,13.2
271,13.2
271,12.5
271,12.3
271,12.6
272,11.5
272,11
272,10.8
272,11.4
273,10.8
273,10
273,9.4
273,9.4
274,7.7
274,7
274,6.6
274,6.6
275,4.4
275,4.2
275,4
275,4.2
276,3.1
276,3
276,3
276,3.3
277,3.3
277,3.1
277,3
277,3.4
278,5
278,4.5
278,4.2
278,4.3
279,7.8
279,6.8
279,6.3
279,6.4
280,11.6
280,10.1
280,9.3
280,9.1
281,14.1
281,12.4
281,11.2
281,10.8
282,16.7
282,14.9
282,14
282,13.5
283,13.7
283,13
283,12.8
283,12.9
284,11.8
284,11.3
284,11.1
284,11.4
285,10.8
285,10.1
285,9.6
285,9.8
286,8
286,7.3
286,6.9
286,6.8
287,4.4
287,4.2
287,4
287,4.3
288,3.2
288,3.3
288,3
288,3.4
289,3.2
289,3.1
289,2.9
289,3.2
290,4.5
290,4.2
290,3.8
290,4
291,8.1
291,7.1
291,6.5
291,6.7
292,11.9
292,10.4
292,9.6
292,9.1
293,15.2
293,13.5
293,12.3
293,11.9
294,16.7
294,15.1
294,14.2
294,14
295,13.7
295,13
295,12.9
295,13.1
296,12.1
296,11.5
296,11.4
296,11.7
297,11.4
297,10.4
297,10
297,10.1
298,8
298,7.3
298,6.9
298,6.8
299,4.3
299,4.2
299,4
299,4.2
300,3.2
300,3.3
300,3
300,3.4
301,3.3
301,3.3
301,3
301,3.4
302,5.1
302,4.6
302,4.2
302,4.4
303,7.5
303,6.7
303,6.3
303,6.5
304,10.6
304,9.3
304,8.7
304,8.8
305,14.4
305,12.9
305,11.9
305,11.5
306,16.6
306,14.8
306,14
306,13.5
307,13.7
307,12.8
307,12.6
307,12.8
308,12.1
308,11.6
308,11.6
308,11.8
309,11.1
309,10.4
309,9.9
309,10
310,7.7
310,7.2
310,6.7
310,6.7
311,4.1
311,4
311,3.8
311,4
312,3.1
312,3.3
312,3
312,3.4
313,3.1
313,3.1
313,2.7
313,3.1
314,4.7
314,4.2
314,3.9
314,4.1
315,7.4
315,6.5
315,6
315,6.3
316,11.3
316,10
316,9.3
316,9.2
317,14.7
317,13
317,11.9
317,11.4
318,16.6
318,15
318,14.1
318,13.8
319,13.7
319,12.9
319,12.7
319,12.9
320,11.8
320,11.3
320,11.1
320,11.5
321,11.1
321,10.2
321,9.7
321,9.7
322,8
322,7.3
322,6.9
322,6.9
323,4.4
323,4.3
323,4
323,4.3
324,3.2
324,3.2
324,3
324,3.4
325,3.3
325,3.1
325,2.7
325,3.1
326,4.8
326,4.3
326,3.9
326,4.3
327,7.5
327,6.6
327,5.7
327,6.1
328,11.4
328,9.9
328,9
328,8.8
329,15.2
329,13.4
329,12.1
329,11.4
330,16.6
330,14.9
330,14.1
330,13.7
331,13.4
331,12.6
331,12.1
331,12.3
332,11.8
332,11
332,10.8
332,11.1
333,10.8
333,10
333,9.4
333,9.6
334,8
334,7.3
334,6.9
334,6.8
335,4.4
335,4.3
335,4.1
335,4.4
336,3.1
336,3
336,3
336,3.4
337,3.2
337,2.9
337,2.7
337,3.1
338,4.5
338,4.2
338,3.9
338,4
339,8.1
339,7.1
339,6.6
339,6.6
340,12.1
340,10.7
340,9.9
340,9.6
341,15.1
341,13.2
341,12
341,11.4
342,16.6
342,15
342,13.9
342,13.5
343,13.1
343,12.4
343,12.1
343,12.4
344,11.8
344,11.3
344,11.2
344,11.4
345,11.4
345,10.4
345,9.9
345,10
346,7.8
346,7.2
346,6.6
346,6.7
347,4.4
347,4.3
347,4
347,4.3
348,2.8
348,2.8
348,2.7
348,2.9
349,3
349,2.8
349,2.7
349,2.9
350,4.5
350,4
350,3.6
350,4
351,7.8
351,6.8
351,6.3
351,6.4
352,11
352,9.6
352,8.7
352,8.7
353,15
353,13.2
353,12
353,11.5
354,16.3
354,14.7
354,13.8
354,13.5
355,13.4
355,12.8
355,12.6
355,12.9
356,11.7
356,11.3
356,11.1
356,11.4
357,10.8
357,9.8
357,9.4
357,9.4
358,7.7
358,7.1
358,6.6
358,6.7
359,4.4
359,4.5
359,4.2
359,4.4
360,3.1
360,3.2
360,3
360,3.4
361,3.4
361,3.3
361,3
361,3.4
362,4.5
362,4.2
362,3.7
362,3.8
363,8.1
363,7.3
363,6.6
363,6.8
364,12.4
364,10.8
364,9.9
364,9.6
365,15
365,13
365,11.8
365,11.3
366,17.5
366,15.6
366,14.5
366,13.8
367,13.4
367,12.5
367,12.3
367,12.5
368,12
368,11.5
368,11.4
368,11.5
369,11.1
369,10.4
369,9.9
369,10.1
370,8
370,7.3
370,6.9
370,7
371,4.4
371,4.3
371,4
371,4.2
372,3.1
372,3
372,3
372,3.4
373,3.4
373,3.3
373,3
373,3.2
374,4.8
374,4.3
374,3.9
374,4.2
375,8
375,7.1
375,6.6
375,6.7
376,12.5
376,10.9
376,10.2
376,9.9
377,14.9
377,13.1
377,11.9
377,11.4
378,17.3
378,15.6
378,14.7
378,14.1
379,13.7
379,13.1
379,12.9
379,13.1
380,11.9
380,11.3
380,11.1
380,11.4
381,12
381,11
381,10.3
381,10.2
382,8.2
382,7.5
382,6.9
382,6.8
383,4.7
383,4.5
383,4.1
383,4.2
384,3.1
384,3
384,2.9
384,3.3
385,3
385,2.9
385,2.7
385,3
386,5.1
386,4.6
386,4.2
386,4.4
387,7.8
387,7
387,6.4
387,6.4
388,11
388,9.7
388,9
388,9
389,14.9
389,13.1
389,12
389,11.6
390,17.2
390,15.4
390,14.5
390,14.1
391,13.7
391,13.2
391,13.1
391,13.3
392,11
392,10.6
392,10.8
392,11.2
393,10.6
393,9.9
393,9.5
393,9.8
394,8
394,7.3
394,6.9
394,6.9
395,4.6
395,4.4
395,4.2
395,4.3
396,3.2
396,3.3
396,3
396,3.4
397,3
397,3
397,2.7
397,3.1
398,5.5
398,4.8
398,4.5
398,4.5
399,7.7
399,6.8
399,6.3
399,6.5
400,12
400,10.4
400,9.5
400,9.2
401,14.7
401,12.9
401,11.5
401,11
402,17
402,15.2
402,14.3
402,13.8
403,13.7
403,12.9
403,12.6
403,12.8
404,11.9
404,11.5
404,11.4
404,11.7
405,12
405,11
405,10.3
405,10.1
406,8.3
406,7.6
406,7
406,6.9
407,4.4
407,4.3
407,4
407,4.3
408,3.2
408,3.3
408,3
408,3.4
409,3
409,3
409,2.7
409,3.1
410,4.8
410,4.3
410,3.9
410,4.3
411,8
411,7.1
411,6.5
411,6.7
412,10.7
412,9.4
412,8.7
412,8.7
413,15.6
413,13.8
413,12.5
413,11.9
414,17.9
414,15.9
414,14.8
414,14
415,13.9
415,13.1
415,12.9
415,13.1
416,11.9
416,11.5
416,11.4
416,11.7
417,11.4
417,10.5
417,10
417,10
418,8
418,7.3
418,6.9
418,6.8
419,4.4
419,4.3
419,4
419,4.3
420,3.1
420,3.3
420,3
420,3.4
421,3.3
421,3.1
421,3
421,3.3
422,5.1
422,4.7
422,4.4
422,4.6
423,7.6
423,6.7
423,6.1
423,6.4
424,11.9
424,10.4
424,9.6
424,9.4
425,16.4
425,14.8
425,13.5
425,12.8
426,16.3
426,14.8
426,14.1
426,13.8
427,13.6
427,12.9
427,12.7
427,13
428,12.3
428,11.8
428,11.4
428,11.8
429,11.4
429,10.7
429,10.2
429,10.4
430,8.3
430,7.6
430,7.2
430,7.1
431,4.5
431,4.5
431,4.2
431,4.3
432,3.1
432,3.3
432,3
432,3.4
433,3.3
433,3.2
433,2.9
433,3.2
434,4.9
434,4.4
434,4.2
434,4.3
435,7.7
435,7
435,6.3
435,6.5
436,11.3
436,10
436,9.3
436,9.3
437,15.3
437,13.5
437,12.3
437,11.6
438,17.7
438,15.9
438,15
438,14.4
439,13.5
439,13.1
439,12.9
439,13.2
440,12.9
440,12.3
440,12
440,12.4
441,11.7
441,10.9
441,10.3
441,10.4
442,7.7
442,7.1
442,6.7
442,6.7
443,4.4
443,4.4
443,4.1
443,4.2
444,3
444,3
444,3
444,3.2
445,3
445,2.8
445,2.6
445,3
446,4.2
446,3.7
446,3.6
446,3.9
447,7.9
447,7
447,6.3
447,6.4
448,12.5
448,11
448,10.2
448,9.9
449,16.5
449,14.9
449,13.7
449,13.1
450,15.8
450,14.3
450,13.5
450,13.3
451,14.6
451,13.8
451,13.4
451,13.5
452,12.7
452,12.4
452,12.3
452,12.5
453,12
453,11
453,10.4
453,10.4
454,8.3
454,7.6
454,7.2
454,7
455,4.3
455,4.2
455,4
455,4.2
456,3.1
456,3.2
456,3
456,3.4
457,3.3
457,3.1
457,2.7
457,3.2
458,4.8
458,4.3
458,3.9
458,4.2
459,6.8
459,6.1
459,5.6
459,5.8
460,11.4
460,10
460,9.2
460,9.1
461,16.3
461,14.4
461,13.2
461,12.5
462,16.6
462,15.1
462,14.3
462,14
463,14.1
463,13.4
463,13.2
463,13.5
464,12.6
464,12.3
464,12
464,12.3
465,12
465,11
465,10.5
465,10.5
466,8.1
466,7.5
466,7
466,6.9
467,4.7
467,4.5
467,4.2
467,4.3
468,3.3
468,3.3
468,3.3
468,3.6
469,3.4
469,3.3
469,3
469,3.4
470,4.9
470,4.3
470,4.2
470,4.3
471,7.7
471,7
471,6.5
471,6.5
472,11.6
472,10.4
472,9.6
472,9.6
473,15.6
473,13.9
473,12.6
473,12.2
474,16.9
474,15.4
474,14.4
474,14.1
475,14.2
475,13.6
475,13.2
475,13.5
476,11.9
476,11.6
476,11.4
476,11.8
477,11.4
477,10.5
477,10
477,10.1
478,8.3
478,7.6
478,7
478,6.8
479,4.7
479,4.6
479,4.3
479,4.4
480,3.2
480,3.3
480,3
480,3.4
481,3.3
481,3.1
481,2.7
481,3.2
482,5.1
482,4.6
482,4.2
482,4.3
483,8.6
483,7.7
483,6.9
483,6.9
484,12.8
484,11.1
484,10.2
484,9.6
485,15.9
485,14.3
485,12.9
485,12.2
486,16.7
486,15.1
486,14.4
486,14
487,14.3
487,13.6
487,13.3
487,13.6
488,12.7
488,12.3
488,12
488,12.4
489,11.4
489,10.5
489,10
489,10.1
490,8.4
490,7.9
490,7.5
490,7.4
491,4.7
491,4.5
491,4.2
491,4.4
492,3.2
492,3.3
492,3
492,3.4
493,3
493,3
493,2.7
493,3.2
494,4.8
494,4.3
494,3.9
494,4.1
495,8.6
495,7.7
495,6.9
495,7
496,12.7
496,11.3
496,10.2
496,10
497,15.1
497,13.4
497,12.1
497,11.6
498,17
498,15
498,13.8
498,13.2
499,13.2
499,12.6
499,12.6
499,12.8
500,11.8
500,11.4
500,11.3
500,11.7
501,11.1
501,10.3
501,9.9
501,10.1
502,8
502,7.4
502,7
502,6.9
503,4.7
503,4.6
503,4.2
503,4.5
504,3.1
504,3.1
504,3
504,3.4
505,3.3
505,3.1
505,2.8
505,3.3
506,5.1
506,4.6
506,4.2
506,4.4
507,8.3
507,7.3
507,6.6
507,6.7
508,11.8
508,10.3
508,9.6
508,9.3
509,14.7
509,13
509,11.7
509,11.1
510,16.8
510,15.2
510,14.1
510,13.8
511,13.7
511,13.1
511,13.1
511,13.3
512,12.1
512,11.9
512,11.7
512,12
513,11.7
513,10.9
513,10.3
513,10.4
514,8.3
514,7.5
514,7
514,6.8
515,4.7
515,4.5
515,4.2
515,4.3
516,3.3
516,3.3
516,3
516,3.4
517,3.1
517,3
517,2.7
517,3.2
518,4.5
518,4.1
518,3.9
518,4.3
519,8.1
519,7.3
519,6.8
519,7
520,11.6
520,10.2
520,9.3
520,9.1
521,16.2
521,14.4
521,13.2
521,12.5
522,17.3
522,15.6
522,14.7
522,14.2
523,14.1
523,13.6
523,13.5
523,13.8
524,12
524,11.8
524,11.6
524,12.1
525,11.2
525,10.5
525,10
525,10
526,8
526,7.3
526,6.9
526,6.8
527,4.6
527,4.3
527,4.1
527,4.3
528,3.3
528,3.4
528,3.2
528,3.3
529,3
529,2.8
529,2.7
529,3.1
530,4.8
530,4.3
530,3.9
530,4.1
531,8.1
531,7.3
531,6.7
531,6.7
532,11.2
532,9.9
532,9
532,9
533,15.2
533,13.2
533,11.9
533,11.3
534,17.4
534,15.6
534,14.5
534,14.1
535,13.5
535,12.9
535,12.7
535,13.1
536,12.1
536,11.7
536,11.6
536,11.8
537,11.1
537,10.4
537,9.9
537,10.1
538,8
538,7.5
538,7
538,6.9
539,4.6
539,4.5
539,4.2
539,4.4
540,3.1
540,3
540,3
540,3.4
541,3.4
541,3.3
541,3
541,3.4
542,5.4
542,4.9
542,4.5
542,4.6
543,7.9
543,7.1
543,6.6
543,6.7
544,13.4
544,11.9
544,11
544,10.7
545,15.8
545,14.3
545,13.2
545,12.5
546,16.6
546,15
546,14.1
546,13.8
547,14.3
547,13.7
547,13.5
547,13.5
548,12.2
548,11.8
548,11.7
548,12
549,12.3
549,11.3
549,10.8
549,10.7
550,8.2
550,7.7
550,7.3
550,7.1
551,4.5
551,4.5
551,4.2
551,4.2
552,3
552,3.2
552,3
552,3.2
553,3
553,2.8
553,2.7
553,3.1
554,4.9
554,4.3
554,3.9
554,4.3
555,8.8
555,7.8
555,7.2
555,7.2
556,13.1
556,11.7
556,10.8
556,10.5
557,16.2
557,14.3
557,13
557,12.3
558,17.6
558,15.9
558,14.8
558,14.4
559,14.6
559,14
559,13.6
559,13.8
560,12.1
560,11.8
560,11.7
560,12.1
561,11.5
561,10.7
561,10.3
561,10.4
562,7.9
562,7.3
562,6.9
562,6.8
563,4.7
563,4.6
563,4.3
563,4.6
564,3.2
564,3.3
564,3.3
564,3.4
565,3.3
565,3.1
565,2.9
565,3.3
566,4.8
566,4.3
566,3.9
566,4.3
567,7.4
567,6.6
567,6
567,6.4
568,11.8
568,10.2
568,9.3
568,9.1
569,15.9
569,14.1
569,12.8
569,12.2
570,16.6
570,14.9
570,13.8
570,13.5
571,13.9
571,13.1
571,12.9
571,13.1
572,11.6
572,11.2
572,11
572,11.4
573,11.4
573,10.6
573,10.1
573,10.2
574,8
574,7.5
574,7
574,7
575,4.4
575,4.3
575,4.1
575,4.2
576,3.1
576,3.3
576,3
576,3.4
577,3.6
577,3.4
577,3
577,3.4
578,4.5
578,4
578,3.8
578,4.1
579,7.7
579,6.8
579,6.2
579,6.4
580,12.9
580,11.1
580,10.2
580,9.9
581,15.9
581,14.2
581,12.9
581,12.2
582,16.2
582,14.3
582,13.2
582,12.7
583,13.7
583,13.1
583,12.9
583,13.1
584,11.9
584,11.3
584,11
584,11.4
585,11.8
585,10.9
585,10.4
585,10.4
586,8
586,7.4
586,7
586,6.6
587,4.4
587,4.2
587,4
587,4.1
588,3.1
588,3.3
588,3
588,3.4
589,3.3
589,3.2
589,3
589,3.4
590,4.5
590,4.2
590,3.9
590,3.9
591,7.2
591,6.4
591,5.9
591,6.2
592,11.3
592,9.9
592,9
592,9.1
593,15.3
593,13.5
593,12.3
593,11.8
594,16.7
594,15.1
594,14.1
594,13.8
595,13.4
595,12.8
595,12.6
595,12.9
596,11.9
596,11.6
596,11.4
596,11.8
597,10.6
597,10
597,9.5
597,9.8
598,7.7
598,7.2
598,6.9
598,6.8
599,4.4
599,4.3
599,4.1
599,4.2
600,2.9
600,3
600,3
600,3.2
601,3.3
601,3.1
601,2.9
601,3.3
602,4.8
602,4.5
602,4.2
602,4.2
603,7.9
603,7.1
603,6.6
603,6.7
604,10.7
604,9.6
604,8.9
604,8.9
605,14.7
605,12.9
605,11.8
605,11.3
606,16.4
606,14.9
606,14.1
606,13.8
607,14.3
607,13.7
607,13.2
607,13.4
608,12.1
608,11.9
608,11.7
608,12.1
609,12
609,11.2
609,10.7
609,10.7
610,8.3
610,7.6
610,7.2
610,7
611,4.7
611,4.5
611,4.3
611,4.6
612,3.4
612,3.4
612,3.3
612,3.6
613,3.3
613,3.1
613,2.9
613,3.3
614,5.1
614,4.6
614,4.1
614,4.1
615,7.5
615,6.6
615,6
615,6.2
616,12.5
616,10.9
616,9.9
616,9.6
617,15.6
617,13.8
617,12.5
617,11.9
618,16.9
618,15.2
618,14.4
618,13.8
619,13.1
619,12.5
619,12.3
619,12.5
620,11.7
620,11.2
620,10.9
620,11.1
621,11.8
621,11
621,10.4
621,10.4
622,8.3
622,7.7
622,7.2
622,6.9
623,4.6
623,4.5
623,4.2
623,4.3
624,3.2
624,3.3
624,3.1
624,3.4
625,3.2
625,3
625,2.7
625,3.3
626,5.4
626,4.9
626,4.4
626,4.4
627,8.6
627,7.7
627,7
627,7
628,12.2
628,10.5
628,9.6
628,9.3
629,15.3
629,13.6
629,12.4
629,11.9
630,16.6
630,14.8
630,13.8
630,13.4
631,13.7
631,13
631,12.9
631,13.2
632,11.5
632,11.1
632,10.8
632,11.2
633,10.9
633,10.3
633,9.8
633,9.9
634,8
634,7.4
634,6.9
634,6.8
635,4.4
635,4.3
635,4.1
635,4.3
636,3.5
636,3.3
636,3.2
636,3.6
637,3
637,2.8
637,2.7
637,3
638,4.8
638,4.3
638,3.9
638,4.1
639,7.8
639,6.9
639,6.3
639,6.4
640,12
640,10.4
640,9.6
640,9.2
641,16
641,14.2
641,12.9
641,12.2
642,16.7
642,15.1
642,14.1
642,13.7
643,13.4
643,12.6
643,12.3
643,12.4
644,12.4
644,11.8
644,11.5
644,11.7
645,10.9
645,10.3
645,9.8
645,10
646,7.4
646,6.9
646,6.6
646,6.5
647,4.4
647,4.3
647,4.1
647,4.3
648,3.3
648,3.3
648,3.1
648,3.4
649,3.3
649,3.2
649,3
649,3.3
650,5.5
650,4.9
650,4.5
650,4.6
651,8
651,7.1
651,6.5
651,6.4
652,11.6
652,10.2
652,9.6
652,9.3
653,13.6
653,11.8
653,10.9
653,10.5
654,16.9
654,15.1
654,14.1
654,13.7
655,13.8
655,13.2
655,12.9
655,13.1
656,11.5
656,11.1
656,11
656,11.4
657,10.8
657,10.1
657,9.6
657,9.8
658,7.5
658,7.1
658,6.7
658,6.6
659,4.7
659,4.5
659,4.2
659,4.4
660,3.2
660,3.3
660,3
660,3.4
661,3.3
661,3.1
661,2.8
661,3.2
662,5.2
662,4.6
662,4.2
662,4.6
663,7.4
663,6.4
663,6
663,6.2
664,11.9
664,10.4
664,9.6
664,9.3
665,16.5
665,14.8
665,13.5
665,12.9
666,16.1
666,14.5
666,13.8
666,13.5
667,12.6
667,12.2
667,12.1
667,12.4
668,11.1
668,10.7
668,10.6
668,11.1
669,11.4
669,10.6
669,10.1
669,10.2
670,7.4
670,6.9
670,6.6
670,6.5
671,4.5
671,4.5
671,4.3
671,4.4
672,3.3
672,3.3
672,3.3
672,3.5
673,3.2
673,3.1
673,2.9
673,3.4
674,4.7
674,4.2
674,3.9
674,4.1
675,7.4
675,6.4
675,6
675,6.2
676,10.4
676,9.1
676,8.5
676,8.7
677,13.5
677,11.8
677,10.7
677,10.5
678,16
678,14.2
678,13.2
678,12.9
679,14.1
679,13.3
679,12.9
679,13.1
680,11.5
680,11
680,10.8
680,11.2
681,11.4
681,10.7
681,9.9
681,10
682,7.7
682,7
682,6.6
682,6.7
683,4.3
683,4.2
683,4
683,4.3
684,3.1
684,3
684,2.8
684,3.4
685,3.6
685,3.3
685,3
685,3.2
686,5.1
686,4.6
686,4.2
686,4.4
687,8.3
687,7.3
687,6.6
687,6.7
688,12.4
688,10.7
688,9.9
688,9.3
689,14.7
689,12.9
689,11.7
689,11.3
690,16.9
690,15.1
690,14.1
690,13.8
691,13.4
691,12.8
691,12.6
691,12.8
692,11.9
692,11.4
692,11.1
692,11.2
693,10.6
693,10
693,9.4
693,9.7
694,7.7
694,7.2
694,6.9
694,6.8
695,4.5
695,4.5
695,4.2
695,4.4
696,3.2
696,3.2
696,3
696,3.3
697,3.1
697,3
697,2.7
697,3.2
698,4.5
698,4.2
698,3.9
698,4.1
699,8
699,7.1
699,6.4
699,6.6
700,11.9
700,10.4
700,9.6
700,9.3
701,14.4
701,12.6
701,11.4
701,11
702,17
702,15.4
702,14.4
702,13.8
703,12.9
703,12.4
703,12.2
703,12.6
704,11.8
704,11.3
704,11.1
704,11.4
705,10.9
705,10.3
705,10
705,10.1
706,8
706,7.5
706,7
706,7.1
707,4.3
707,4.2
707,3.9
707,4.3
708,3.2
708,3.3
708,3.2
708,3.4
709,3.3
709,3.1
709,2.9
709,3.3
710,5.7
710,5.1
710,4.5
710,4.6
711,7.4
711,6.6
711,6.1
711,6.4
712,11
712,9.6
712,8.9
712,8.8
713,15.3
713,13.6
713,12.3
713,11.7
714,17.3
714,15.6
714,14.7
714,14.1
715,13.4
715,12.8
715,12.6
715,12.9
716,12.2
716,11.8
716,11.7
716,12
717,11.4
717,10.6
717,10
717,10
718,8.1
718,7.5
718,7
718,6.9
719,4.4
719,4.2
719,3.9
719,4.2
720,3.2
720,3.3
720,3
720,3.4
721,3.5
721,3.3
721,3
721,3.5
722,4.6
722,4.2
722,3.9
722,4
723,8
723,7.2
723,6.7
723,6.7
724,11.5
724,10.2
724,9.4
724,9.3
725,15
725,13.4
725,12.3
725,11.9
726,16.6
726,15.1
726,14.2
726,14
727,13.4
727,13
727,12.8
727,13.1
728,11.8
728,11.4
728,11.2
728,11.6
729,10.9
729,10.3
729,9.9
729,10.1
730,7.8
730,7.3
730,6.9
730,6.6
731,4.3
731,4.2
731,4
731,4.3
732,3
732,3
732,3
732,3.4
733,3.3
733,3.2
733,3
733,3.3
734,5.1
734,4.6
734,4.2
734,4.3
735,7.8
735,7
735,6.3
735,6.5
736,11.6
736,10.2
736,9.3
736,9
737,14.8
737,13.1
737,11.8
737,11.3
738,17
738,15.2
738,14.4
738,13.9
739,13.4
739,12.8
739,12.6
739,12.8
740,11.9
740,11.4
740,11.3
740,11.5
741,10.4
741,9.8
741,9.3
741,9.6
742,7.7
742,7.2
742,6.7
742,6.8
743,4.3
743,4.2
743,4
743,4.3
744,3.1
744,3.3
744,3
744,3.4
745,3.6
745,3.4
745,3.1
745,3.4
746,5.5
746,4.9
746,4.2
746,4.4
747,7.7
747,6.8
747,6.3
747,6.7
748,11
748,9.6
748,8.7
748,8.5
749,14.1
749,12.2
749,11.1
749,10.7
750,17
750,15.1
750,14.3
750,13.8
751,14
751,13.2
751,12.9
751,13.1
752,11.8
752,11.4
752,11.1
752,11.5
753,11.1
753,10.4
753,9.9
753,9.9
754,8
754,7.5
754,7
754,7
755,4.5
755,4.3
755,4
755,4.4
756,3.2
756,3.3
756,3.1
756,3.4
757,3
757,3
757,2.9
757,3.2
758,4.7
758,4.1
758,3.7
758,4
759,8.3
759,7.4
759,6.6
759,6.6
760,11.4
760,9.9
760,9
760,8.8
761,14.5
761,12.7
761,11.4
761,11
762,16.1
762,14.5
762,13.8
762,13.4
763,12.8
763,12.2
763,11.9
763,12.2
764,11.7
764,11.3
764,11
764,11.4
765,10.9
765,10.2
765,9.7
765,9.8
766,8.1
766,7.5
766,7
766,6.6
767,4.4
767,4.4
767,4.1
767,4.3
768,3.1
768,3.3
768,3.2
768,3.4
769,3.5
769,3.3
769,3
769,3.4
770,4.8
770,4.2
770,3.9
770,4.1
771,7.8
771,7.1
771,6.3
771,6.5
772,10.2
772,8.7
772,8.1
772,8.3
773,14.1
773,12.4
773,11.4
773,11
774,16.9
774,15.3
774,14.3
774,14
775,13.2
775,12.5
775,12.3
775,12.4
776,11.8
776,11.1
776,10.8
776,11.1
777,11.7
777,10.7
777,10.1
777,10.1
778,8
778,7.3
778,6.9
778,6.8
779,4.5
779,4.5
779,4.1
779,4.5
780,3.1
780,3.3
780,3.1
780,3.3
781,3.6
781,3.4
781,3.2
781,3.6
782,5.2
782,4.6
782,4.2
782,4.3
783,7.5
783,6.7
783,6
783,6.2
784,11
784,9.6
784,8.7
784,8.8
785,15
785,13.4
785,12.2
785,11.7
786,16.4
786,14.8
786,14.1
786,13.7
787,13.4
787,12.7
787,12.3
787,12.7
788,11.7
788,11.2
788,10.9
788,11.2
789,10.5
789,9.8
789,9.3
789,9.4
790,7.5
790,6.8
790,6.4
790,6.4
791,4.4
791,4.4
791,4.1
791,4.2
792,3.1
792,3
792,3
792,3.4
793,3.3
793,3.1
793,3
793,3.3
794,5.4
794,4.8
794,4.5
794,4.6
795,7.5
795,6.7
795,6.2
795,6.4
796,11
796,9.6
796,9
796,9
797,14.5
797,12.6
797,11.4
797,11
798,17
798,15.3
798,14.4
798,13.9
799,13.5
799,12.8
799,12.6
799,12.9
800,11.5
800,11.2
800,11
800,11.4
801,11.1
801,10.3
801,9.7
801,9.9
802,7.5
802,6.9
802,6.4
802,6.4
803,4.3
803,4.1
803,3.9
803,4.2
804,2.9
804,3
804,2.9
804,3.3
805,3
805,2.8
805,2.6
805,3
806,4.3
806,3.9
806,3.6
806,4
807,7.7
807,6.8
807,6.3
807,6.4
808,11.6
808,10.1
808,9.3
808,9.1
809,13.8
809,12.1
809,11
809,10.6
810,16.7
810,15.1
810,14.1
810,13.7
811,13.6
811,12.9
811,12.6
811,13
812,11.8
812,11.3
812,11.1
812,11.5
813,12
813,11
813,10.5
813,10.4
814,7.5
814,7
814,6.6
814,6.6
815,4.4
815,4.3
815,3.9
815,4.3
816,2.9
816,2.8
816,2.6
816,3
817,3.3
817,3.2
817,3
817,3.4
818,5
818,4.5
818,4.2
818,4.2
819,8.6
819,7.6
819,6.8
819,6.7
820,11
820,9.6
820,8.7
820,8.5
821,14
821,12.2
821,11.1
821,10.6
822,16.9
822,15.1
822,14.1
822,13.5
823,13.7
823,12.7
823,12.3
823,12.6
824,11.7
824,11.2
824,10.8
824,11.2
825,11.1
825,10.2
825,9.7
825,9.7
826,7.8
826,7.2
826,6.7
826,6.7
827,4.5
827,4.3
827,4.1
827,4.4
828,3.2
828,3.1
828,3
828,3.3
829,3.3
829,3.1
829,3
829,3.4
830,5.1
830,4.6
830,4.2
830,4.4
831,7.7
831,6.9
831,6.6
831,6.7
832,12.3
832,10.8
832,9.9
832,9.5
833,15.9
833,14.1
833,12.9
833,12.5
834,16.4
834,14.8
834,14.1
834,13.8
835,14
835,13.3
835,12.9
835,13.1
836,11.9
836,11.5
836,11.3
836,11.6
837,11.1
837,10.3
837,9.8
837,9.9
838,8
838,7.5
838,7
838,7
839,4.5
839,4.5
839,4.2
839,4.4
840,3.3
840,3.3
840,3.1
840,3.4
841,3.3
841,3.4
841,3.1
841,3.4
842,5.1
842,4.7
842,4.3
842,4.6
843,8.2
843,7.4
843,6.9
843,7
844,12.2
844,10.8
844,9.9
844,9.8
845,15
845,13.4
845,12.3
845,11.9
846,15.4
846,14
846,13.4
846,13.2
847,13.1
847,12.5
847,12.4
847,12.7
848,11.6
848,11.2
848,11.1
848,11.4
849,11.1
849,10.3
849,9.7
849,9.8
850,8
850,7.4
850,7
850,6.8
851,4.6
851,4.5
851,4.2
851,4.5
852,3.4
852,3.3
852,3.3
852,3.7
853,3.4
853,3.4
853,3.3
853,3.6
854,4.5
854,4.3
854,4.1
854,3.8
855,7.8
855,6.9
855,6.3
855,6.5
856,11.3
856,10.1
856,9.3
856,9.4
857,14.9
857,13
857,11.8
857,11.3
858,16.7
858,15
858,14
858,13.5
859,13.5
859,12.8
859,12.4
859,12.7
860,11.6
860,11.1
860,10.8
860,11.2
861,11.1
861,10.1
861,9.6
861,9.7
862,7.7
862,7.1
862,6.7
862,6.7
863,4.5
863,4.5
863,4.2
863,4.6
864,3.1
864,3.3
864,3.1
864,3.4
865,3.3
865,3.4
865,3.1
865,3.4
866,5.1
866,4.6
866,4.2
866,4.4
867,7.4
867,6.5
867,6
867,6.2
868,12.1
868,10.5
868,9.5
868,9.1
869,15
869,13.2
869,11.9
869,11.3
870,16.6
870,14.9
870,14.1
870,13.7
871,12.9
871,12.3
871,12.1
871,12.3
872,11.1
872,10.7
872,10.6
872,11.1
873,11.1
873,10.4
873,9.9
873,10
874,7.8
874,7.3
874,6.9
874,6.8
875,4.5
875,4.5
875,4.2
875,4.4
876,3.1
876,3.3
876,3.2
876,3.4
877,3.3
877,3.3
877,3
877,3.4
878,4.6
878,4.2
878,3.8
878,3.9
879,8.3
879,7.4
879,6.9
879,6.8
880,12.2
880,10.9
880,10.1
880,9.9
881,15
881,13.2
881,12
881,11.6
882,16.1
882,14.5
882,13.6
882,13.2
883,13.4
883,12.7
883,12.3
883,12.6
884,12.1
884,11.6
884,11.2
884,11.5
885,11.1
885,10.3
885,9.6
885,9.8
886,8
886,7.3
886,6.9
886,6.7
887,4.4
887,4.3
887,4
887,4.3
888,2.8
888,2.9
888,2.7
888,3.1
889,3.1
889,2.9
889,2.7
889,3.1
890,4.2
890,3.9
890,3.6
890,4
891,7.3
891,6.4
891,6
891,6.2
892,11.1
892,9.6
892,8.7
892,8.7
893,14.9
893,13.1
893,11.8
893,11.4
894,16.1
894,14.5
894,13.7
894,13.5
895,13
895,12.4
895,12.3
895,12.6
896,11.7
896,11.4
896,11.2
896,11.7
897,10.6
897,9.9
897,9.4
897,9.6
898,8
898,7.5
898,7
898,6.9
899,4.3
899,4.2
899,3.9
899,4.2
900,3.2
900,3.3
900,3
900,3.4
901,3.3
901,3.1
901,2.8
901,3.2
902,4.7
902,4.2
902,3.9
902,4.1
903,7.1
903,6.3
903,5.7
903,6.1
904,11.1
904,9.6
904,8.9
904,8.7
905,14.9
905,13.1
905,11.9
905,11.4
906,15.9
906,14.2
906,13.4
906,13.2
907,13.5
907,13
907,12.6
907,13
908,11.1
908,10.7
908,10.6
908,11.1
909,10.8
909,9.9
909,9.4
909,9.7
910,7.8
910,7.2
910,6.7
910,6.7
911,4.5
911,4.5
911,4.1
911,4.3
912,3.2
912,3.3
912,3.1
912,3.4
913,3.3
913,3.3
913,3.1
913,3.3
914,5.1
914,4.6
914,4.2
914,4.4
915,9
915,8
915,7.3
915,7.3
916,11.3
916,9.9
916,9.3
916,9.2
917,14
917,12.4
917,11.3
917,10.9
918,16
918,14.4
918,13.6
918,13.1
919,13.1
919,12.5
919,12.3
919,12.7
920,11.8
920,11.3
920,11.1
920,11.5
921,10.8
921,10.2
921,9.7
921,9.9
922,7.7
922,7
922,6.6
922,6.6
923,4.6
923,4.3
923,3.9
923,4.1
924,3.2
924,3.1
924,3
924,3.3
925,3.1
925,3
925,2.7
925,3.1
926,4.8
926,4.3
926,3.9
926,4.1
927,6.9
927,6.1
927,5.7
927,6
928,11.6
928,10.2
928,9.3
928,9.1
929,16.5
929,14.7
929,13.3
929,12.5
930,16.7
930,15.1
930,14.1
930,13.7
931,12.2
931,11.9
931,11.8
931,12.1
932,11.5
932,11.1
932,11.1
932,11.4
933,10.8
933,10.2
933,9.7
933,10
934,8
934,7.3
934,6.9
934,6.8
935,4.4
935,4.2
935,3.9
935,4.3
936,3.2
936,3.1
936,3
936,3.3
937,3.3
937,3.3
937,3
937,3.3
938,4.7
938,4.2
938,3.8
938,4.3
939,7
939,6.2
939,5.9
939,6.2
940,11.7
940,10.2
940,9.3
940,8.9
941,13.6
941,11.8
941,10.6
941,10.3
942,16.6
942,14.8
942,14
942,13.6
943,14
943,13.3
943,13.1
943,13.3
944,11.3
944,10.9
944,10.7
944,10.9
945,10.9
945,10
945,9.5
945,9.6
946,8
946,7.4
946,7
946,7
947,4.5
947,4.5
947,4.2
947,4.4
948,3.1
948,3.2
948,3
948,3.4
949,3.2
949,3.1
949,3
949,3.4
950,4.8
950,4.5
950,4.1
950,4.3
951,7.1
951,6.3
951,5.7
951,6.1
952,12.2
952,10.7
952,9.8
952,9.4
953,15.5
953,13.7
953,12.4
953,12
954,16.7
954,15.1
954,14.3
954,13.8
955,13.4
955,13
955,12.8
955,13.1
956,11.8
956,11.3
956,11.1
956,11.4
957,10.9
957,10.1
957,9.7
957,9.8
958,7.8
958,7.3
958,6.9
958,6.8
959,4.5
959,4.3
959,4.1
959,4.4
960,3.2
960,3.2
960,3
960,3.4
961,3.3
961,3.1
961,2.7
961,3.1
962,5
962,4.4
962,3.9
962,4.1
963,7.5
963,6.5
963,6
963,6.2
964,12.1
964,10.6
964,9.7
964,9.5
965,15.1
965,13.4
965,12.2
965,11.6
966,16.3
966,14.5
966,13.5
966,13.2
967,12.5
967,11.7
967,11.5
967,11.7
968,11.5
968,11
968,10.8
968,11.1
969,11.1
969,10.1
969,9.7
969,9.7
970,7.7
970,7
970,6.4
970,6.4
971,4.4
971,4.2
971,3.9
971,4.3
972,3.1
972,3.1
972,3
972,3.3
973,3.3
973,3.3
973,3
973,3.4
974,4.4
974,3.9
974,3.6
974,4
975,6.7
975,5.9
975,5.4
975,5.9
976,11.3
976,9.9
976,9.3
976,9.1
977,14
977,12.4
977,11.4
977,11.1
978,16.2
978,14.7
978,13.8
978,13.5
979,13.8
979,13
979,12.9
979,13.1
980,11.3
980,10.9
980,10.7
980,11.1
981,10.8
981,9.8
981,9.3
981,9.4
982,7.8
982,7
982,6.5
982,6.4
983,4.4
983,4.2
983,3.9
983,4.2
984,3.1
984,3.3
984,3
984,3.4
985,3.3
985,3
985,2.7
985,3.1
986,4.8
986,4.3
986,4
986,4.3
987,6.9
987,6.1
987,5.7
987,6.1
988,10
988,8.4
988,7.8
988,7.7
989,14.3
989,12.4
989,11.3
989,10.7
990,15.6
990,13.9
990,13
990,12.6
991,13.1
991,12.2
991,12
991,12.2
992,11.7
992,11
992,11
992,11.2
993,11.1
993,10.1
993,9.6
993,9.6
994,7.7
994,7
994,6.6
994,6.7
995,4.5
995,4.5
995,4.2
995,4.6
996,3.1
996,3.2
996,3
996,3.4
997,3.3
997,3.1
997,3
997,3.4
998,4.7
998,4.3
998,4.2
998,4.1
999,8.3
999,7.2
999,6.6
999,6.5
1000,11.3
1000,9.8
1000,9
1000,8.8
1001,15.6
1001,13.7
1001,12.5
1001,11.8
1002,17.1
1002,15.5
1002,14.7
1002,14.2
1003,13.1
1003,12.4
1003,12.3
1003,12.5
1004,12
1004,11.3
1004,11.1
1004,11.3
1005,10.5
1005,9.6
1005,9.1
1005,9.3
1006,7.8
1006,7.1
1006,6.7
1006,6.7
1007,4.4
1007,4.1
1007,3.9
1007,4.2
1008,3.1
1008,3.3
1008,3
1008,3.4
1009,3.3
1009,3.1
1009,2.7
1009,3.3
1010,5.5
1010,4.9
1010,4.5
1010,4.6
1011,8.3
1011,7.4
1011,6.9
1011,7
1012,11.8
1012,10.2
1012,9.6
1012,9.3
1013,15
1013,13.2
1013,12
1013,11.6
1014,16.4
1014,14.8
1014,13.9
1014,13.6
1015,13.7
1015,13
1015,12.8
1015,13.1
1016,11.3
1016,10.8
1016,10.8
1016,11.1
1017,11.1
1017,10.4
1017,9.9
1017,10
1018,7.7
1018,7
1018,6.6
1018,6.6
1019,4.4
1019,4.5
1019,4.2
1019,4.3
1020,3.2
1020,3.3
1020,3
1020,3.4
1021,3
1021,2.9
1021,2.7
1021,3.3
1022,4.9
1022,4.4
1022,4
1022,4.3
1023,7.4
1023,6.6
1023,6.3
1023,6.4
1024,11.3
1024,9.9
1024,9
1024,9.1
1025,14.3
1025,12.6
1025,11.5
1025,11.1
1026,16.3
1026,14.5
1026,13.7
1026,13.3
1027,12.8
1027,12.4
1027,12.3
1027,12.6
1028,11.3
1028,10.9
1028,10.8
1028,11.1
1029,11.1
1029,10.3
1029,9.8
1029,9.9
1030,8
1030,7.3
1030,6.9
1030,6.8
1031,4.4
1031,4.3
1031,4
1031,4.3
1032,2.9
1032,2.9
1032,2.7
1032,3.3
1033,3.5
1033,3.3
1033,2.9
1033,3.3
1034,5.3
1034,4.7
1034,4.2
1034,4.4
1035,7.5
1035,6.5
1035,5.8
1035,5.8
1036,11.6
1036,10.1
1036,9.3
1036,9.1
1037,13.6
1037,11.9
1037,10.8
1037,10.6
1038,16.1
1038,14.5
1038,13.5
1038,13.2
1039,13.1
1039,12.4
1039,12
1039,12.2
1040,12.3
1040,11.8
1040,11.4
1040,11.7
1041,11.4
1041,10.6
1041,10
1041,10
1042,7.7
1042,7
1042,6.5
1042,6.5
1043,4.6
1043,4.4
1043,4.2
1043,4.5
1044,3.2
1044,3.3
1044,3.1
1044,3.4
1045,3.6
1045,3.3
1045,3
1045,3.4
1046,5.4
1046,4.9
1046,4.5
1046,4.6
1047,7.3
1047,6.5
1047,5.9
1047,6
1048,12.2
1048,10.7
1048,9.6
1048,9.4
1049,15.9
1049,14.3
1049,12.9
1049,12.4
1050,16.3
1050,14.7
1050,13.8
1050,13.3
1051,13.1
1051,12.4
1051,12.3
1051,12.3
1052,11.3
1052,10.7
1052,10.5
1052,10.8
1053,10.9
1053,10.1
1053,9.6
1053,9.7
1054,7.7
1054,7
1054,6.6
1054,6.7
1055,4.6
1055,4.5
1055,4.2
1055,4.6
1056,3.2
1056,3.3
1056,3
1056,3.4
1057,3.3
1057,3.1
1057,2.8
1057,3.4
1058,4.8
1058,4.5
1058,4.2
1058,4.4
1059,7.4
1059,6.5
1059,6
1059,6.3
1060,11.3
1060,10
1060,9.3
1060,9.2
1061,14.4
1061,12.8
1061,11.6
1061,11.3
1062,15.8
1062,14.2
1062,13.3
1062,13.1
1063,12.9
1063,12.2
1063,11.9
1063,12
1064,11.3
1064,10.7
1064,10.5
1064,10.8
1065,11.2
1065,10.4
1065,9.8
1065,9.9
1066,8
1066,7.3
1066,6.9
1066,6.9
1067,4.4
1067,4.3
1067,3.9
1067,4.3
1068,3.1
1068,3.1
1068,2.8
1068,3.1
1069,3.6
1069,3.4
1069,3.2
1069,3.4
1070,4.8
1070,4.3
1070,3.9
1070,4.1
1071,7.5
1071,6.6
1071,6.1
1071,6.4
1072,11.1
1072,9.7
1072,9
1072,8.8
1073,15.6
1073,13.8
1073,12.7
1073,12
1074,16.4
1074,14.8
1074,13.8
1074,13.4
1075,13.4
1075,12.7
1075,12.5
1075,12.7
1076,11.7
1076,11.2
1076,11
1076,11.4
1077,11.4
1077,10.4
1077,10
1077,10.1
1078,7.8
1078,7
1078,6.6
1078,6.7
1079,4.7
1079,4.6
1079,4.2
1079,4.6
1080,3.2
1080,3.3
1080,3
1080,3.4
1081,3.1
1081,2.9
1081,2.7
1081,3.1
1082,4.8
1082,4.3
1082,3.9
1082,4.2
1083,7.4
1083,6.5
1083,5.9
1083,6.2
1084,10.9
1084,9.3
1084,8.6
1084,8.5
1085,14.1
1085,12.2
1085,11
1085,10.5
1086,16.3
1086,14.5
1086,13.5
1086,13.1
1087,13.5
1087,12.8
1087,12.6
1087,12.7
1088,11.7
1088,11.2
1088,10.9
1088,11.2
1089,11.1
1089,10.1
1089,9.6
1089,9.6
1090,7.6
1090,7
1090,6.4
1090,6.4
1091,4.4
1091,4.3
1091,3.9
1091,4.3
1092,3.2
1092,3.2
1092,3
1092,3.3
1093,3.3
1093,3.1
1093,2.9
1093,3.2
1094,4.8
1094,4.3
1094,3.9
1094,4.3
1095,7.4
1095,6.6
1095,6
1095,6.2
1096,10.7
1096,9.3
1096,8.5
1096,8.6
1097,14.2
1097,12.3
1097,11.1
1097,10.7
1098,16.1
1098,14.2
1098,13.3
1098,12.8
1099,12.9
1099,12.1
1099,12
1099,12.3
1100,11.4
1100,10.9
1100,10.7
1100,10.8
1101,10.7
1101,9.8
1101,9.2
1101,9.3
1102,7.7
1102,7.2
1102,6.7
1102,6.7
1103,4.4
1103,4.5
1103,4.2
1103,4.4
1104,3.3
1104,3.3
1104,3.1
1104,3.4
1105,3.2
1105,3.1
1105,2.9
1105,3.3
1106,5.4
1106,4.9
1106,4.3
1106,4.5
1107,7.2
1107,6.4
1107,6
1107,6.3
1108,11.6
1108,10.2
1108,9.4
1108,9.4
1109,15.3
1109,13.5
1109,12.1
1109,11.4
1110,16.3
1110,14.5
1110,13.5
1110,13.2
1111,12.8
1111,12.1
1111,11.9
1111,12
1112,11.8
1112,11.4
1112,11.1
1112,11.2
1113,11
1113,10.1
1113,9.6
1113,9.6
1114,7.7
1114,7.1
1114,6.6
1114,6.7
1115,4.6
1115,4.3
1115,4
1115,4.3
1116,3.2
1116,3.3
1116,3
1116,3.4
1117,3.4
1117,3.3
1117,3
1117,3.3
1118,4.8
1118,4.3
1118,4
1118,4.3
1119,8.1
1119,7.3
1119,6.6
1119,6.6
1120,11.2
1120,9.9
1120,9.3
1120,9.3
1121,15
1121,13.2
1121,12
1121,11.4
1122,16.6
1122,14.8
1122,13.8
1122,13.5
1123,13.1
1123,12.4
1123,12.3
1123,12.6
1124,11.5
1124,11
1124,10.8
1124,11.1
1125,10.6
1125,9.8
1125,9.3
1125,9.6
1126,7.6
1126,7
1126,6.4
1126,6.4
1127,4.5
1127,4.3
1127,4
1127,4.3
1128,3.1
1128,3.2
1128,3
1128,3.4
1129,3.1
1129,3
1129,2.7
1129,3.2
1130,5
1130,4.5
1130,4.2
1130,4.4
1131,7.4
1131,6.5
1131,5.9
1131,6.1
1132,10.6
1132,9
1132,8.1
1132,8.1
1133,15
1133,13.2
1133,12
1133,11.5
1134,16.6
1134,14.8
1134,14
1134,13.5
1135,13.1
1135,12.5
1135,12.2
1135,12.4
1136,11.4
1136,10.7
1136,10.5
1136,11
1137,10.8
1137,10.1
1137,9.5
1137,9.6
1138,7.7
1138,7
1138,6.6
1138,6.7
1139,4.5
1139,4.5
1139,4.2
1139,4.4
1140,3.1
1140,3.2
1140,3
1140,3.4
1141,3.3
1141,3.2
1141,3
1141,3.4
1142,5
1142,4.5
1142,4
1142,4.2
1143,7.7
1143,6.7
1143,6.1
1143,6.2
1144,11.5
1144,9.9
1144,9
1144,8.8
1145,14.1
1145,12.4
1145,11.1
1145,10.7
1146,15.2
1146,13.6
1146,12.6
1146,12.3
1147,13.8
1147,12.9
1147,12.5
1147,12.6
1148,11.3
1148,10.8
1148,10.6
1148,10.9
1149,11.2
1149,10.4
1149,9.7
1149,9.7
1150,7.5
1150,6.8
1150,6.4
1150,6.4
1151,4.4
1151,4.2
1151,3.9
1151,4.3
1152,3.2
1152,3.1
1152,3
1152,3.4
1153,3.3
1153,3.1
1153,3
1153,3.4
1154,5.1
1154,4.6
1154,4.2
1154,4.5
1155,7.4
1155,6.7
1155,6.1
1155,6.5
1156,10.9
1156,9.7
1156,9.1
1156,9.3
1157,14.1
1157,12.5
1157,11.5
1157,11.2
1158,15.6
1158,14.2
1158,13.3
1158,13.2
1159,13.7
1159,13.1
1159,12.8
1159,13
1160,11.6
1160,11.2
1160,11
1160,11.4
1161,11.1
1161,10.2
1161,9.7
1161,9.7
1162,6.9
1162,6.5
1162,6.2
1162,6.4
1163,4.3
1163,4.2
1163,3.9
1163,4.3
1164,2.9
1164,3
1164,3
1164,3.4
1165,3.3
1165,3.1
1165,2.8
1165,3.2
1166,4.8
1166,4.3
1166,3.9
1166,4.3
1167,7.6
1167,6.8
1167,6.3
1167,6.4
1168,11.6
1168,10.1
1168,9.3
1168,9.1
1169,15.5
1169,13.5
1169,12.1
1169,11.3
1170,16.7
1170,14.8
1170,13.9
1170,13.5
1171,14
1171,13.1
1171,12.8
1171,12.9
1172,12.1
1172,11.3
1172,11
1172,11.1
1173,10.6
1173,9.8
1173,9.4
1173,9.6
1174,8.1
1174,7.4
1174,6.9
1174,6.8
1175,4.5
1175,4.3
1175,4.1
1175,4.5
1176,3.1
1176,3.2
1176,3
1176,3.6
1177,3.3
1177,3.1
1177,3
1177,3.4
1178,5.1
1178,4.6
1178,4.2
1178,4.4
1179,7.7
1179,6.7
1179,6
1179,6.3
1180,12.7
1180,11.1
1180,10.1
1180,9.5
1181,15.3
1181,13.5
1181,12.3
1181,11.6
1182,17
1182,15.3
1182,14.5
1182,14.1
1183,13.9
1183,13
1183,12.6
1183,12.8
1184,12.1
1184,11.4
1184,11.1
1184,11.5
1185,11.4
1185,10.7
1185,10
1185,10.1
1186,8.2
1186,7.6
1186,7
1186,7
1187,4.6
1187,4.3
1187,4.2
1187,4.5
1188,3.3
1188,3.3
1188,3.1
1188,3.5
1189,3.3
1189,3.2
1189,3
1189,3.4
1190,4.8
1190,4.4
1190,4
1190,4.3
1191,8
1191,7
1191,6.4
1191,6.7
1192,12.7
1192,11.1
1192,10.1
1192,9.5
1193,16.4
1193,14.7
1193,13.4
1193,12.5
1194,16.5
1194,14.9
1194,14.1
1194,13.5
1195,12.6
1195,12
1195,11.7
1195,12.1
1196,11.7
1196,10.9
1196,10.7
1196,11.2
1197,11.2
1197,10.4
1197,9.8
1197,9.9
1198,8.4
1198,7.7
1198,7.2
1198,7
1199,4.4
1199,4.3
1199,4.1
1199,4.5
1200,3.2
1200,3.3
1200,3
1200,3.3
1201,3.3
1201,3.3
1201,3
1201,3.4
1202,5.4
1202,4.6
1202,4.2
1202,4.6
1203,8.4
1203,7.4
1203,6.9
1203,7
1204,11.9
1204,10.4
1204,9.5
1204,9.2
1205,16.5
1205,14.7
1205,13.5
1205,12.7
1206,16.1
1206,14.6
1206,13.8
1206,13.5
1207,12.6
1207,11.9
1207,11.5
1207,12.3
1208,12.9
1208,12.1
1208,11.9
1208,12
1209,11.1
1209,10.2
1209,9.7
1209,9.9
1210,8.1
1210,7.3
1210,6.9
1210,6.9
1211,4.6
1211,4.4
1211,4.2
1211,4.4
1212,3.1
1212,3.1
1212,2.8
1212,3.2
1213,3.3
1213,3.1
1213,2.8
1213,3.2
1214,4.8
1214,4.3
1214,3.9
1214,4.1
1215,8.3
1215,7.1
1215,6.6
1215,6.7
1216,11.5
1216,9.9
1216,9.1
1216,9
1217,15.7
1217,13.9
1217,12.8
1217,12.1
1218,16.6
1218,14.9
1218,14.1
1218,13.9
1219,13.8
1219,12.8
1219,12.5
1219,12.5
1220,11.4
1220,11.1
1220,10.8
1220,11.2
1221,10.5
1221,9.6
1221,9.1
1221,9.4
1222,7.8
1222,7.3
1222,6.9
1222,6.8
1223,4.7
1223,4.4
1223,4.2
1223,4.5
1224,3.2
1224,3.2
1224,3
1224,3.4
1225,3.3
1225,3.1
1225,3
1225,3.4
1226,4.6
1226,4.2
1226,3.9
1226,4.2
1227,7.1
1227,6.4
1227,5.8
1227,6.1
1228,11.6
1228,10
1228,9.2
1228,8.8
1229,13.8
1229,12.1
1229,11
1229,10.7
1230,15.5
1230,13.9
1230,13
1230,12.9
1231,13.7
1231,13.1
1231,13
1231,13.2
1232,10.8
1232,10.4
1232,10.1
1232,10.7
1233,10.4
1233,9.7
1233,9.2
1233,9.4
1234,8.1
1234,7.4
1234,7
1234,6.9
1235,4.3
1235,4.2
1235,3.9
1235,4.4
1236,3.1
1236,3
1236,3
1236,3.6
1237,3.2
1237,3.1
1237,3
1237,3.2
1238,5.4
1238,4.6
1238,4.5
1238,4.6
1239,9.3
1239,8.1
1239,8
1239,7.7
1240,11.3
1240,9.8
1240,9.6
1240,9.5
1241,14.4
1241,12.6
1241,11.5
1241,11.2
1242,16
1242,14.4
1242,13.4
1242,13.2
1243,14.1
1243,13.3
1243,13.1
1243,13.2
1244,11.7
1244,11.2
1244,10.9
1244,11.4
1245,11.4
1245,10.4
1245,10
1245,10.2
1246,7.7
1246,7
1246,6.6
1246,6.6
1247,4.6
1247,4.3
1247,4.1
1247,4.4
1248,3.2
1248,3.1
1248,3.1
1248,3.6
1249,3.1
1249,3
1249,2.6
1249,3.1
1250,4.7
1250,4.2
1250,3.8
1250,4
1251,7.3
1251,6.4
1251,5.9
1251,6.2
1252,11
1252,9.8
1252,9.1
1252,9.2
1253,12.9
1253,11.4
1253,10.1
1253,10
1254,16.5
1254,14.8
1254,14
1254,13.6
1255,12.8
1255,12.2
1255,11.8
1255,12.1
1256,12
1256,11.5
1256,11.3
1256,11.4
1257,10.8
1257,10.1
1257,9.7
1257,9.9
1258,8.1
1258,7.3
1258,7
1258,6.9
1259,4.4
1259,4.3
1259,4
1259,4.4
1260,3.1
1260,3.3
1260,3
1260,3.4
1261,3.3
1261,3.1
1261,2.9
1261,3.2
1262,5.4
1262,4.8
1262,4.7
1262,4.6
1263,7.4
1263,6.5
1263,6.1
1263,6.2
1264,10.6
1264,9.2
1264,8.5
1264,8.6
1265,15.8
1265,13.9
1265,13
1265,12.4
1266,15.8
1266,14.3
1266,13.4
1266,13.2
1267,13.1
1267,12.5
1267,12.4
1267,12.8
1268,10.6
1268,10.2
1268,10.2
1268,10.8
1269,10.6
1269,9.8
1269,9.4
1269,9.6
1270,8.1
1270,7.3
1270,6.9
1270,7
1271,4.4
1271,4.3
1271,4
1271,4.5
1272,3
1272,3
1272,3
1272,3.5
1273,3.4
1273,3.3
1273,3
1273,3.4
1274,5.1
1274,4.6
1274,4.3
1274,4.6
1275,7.7
1275,6.8
1275,6.3
1275,6.5
1276,12.9
1276,11.3
1276,10.8
1276,10.2
1277,14.4
1277,12.7
1277,11.9
1277,11.4
1278,15.8
1278,14.2
1278,13.4
1278,13.3
1279,13.8
1279,13.1
1279,12.9
1279,13.2
1280,12
1280,11.5
1280,11.3
1280,11.7
1281,10.4
1281,9.7
1281,9.3
1281,9.6
1282,8.2
1282,7.6
1282,7
1282,6.8
1283,4.4
1283,4.3
1283,4.2
1283,4.6
1284,3.1
1284,3
1284,3
1284,3.4
1285,3.2
1285,3.1
1285,2.9
1285,3.1
1286,4.8
1286,4.3
1286,3.9
1286,4.1
1287,8.5
1287,7.4
1287,7.2
1287,7.4
1288,10.7
1288,9.3
1288,8.7
1288,8.7
1289,14.6
1289,13
1289,12
1289,11.6
1290,15.2
1290,13.9
1290,13
1290,13.1
1291,12.6
1291,12.2
1291,12.1
1291,12.4
1292,10.5
1292,10.1
1292,9.9
1292,10.6
1293,10.6
1293,9.8
1293,9.4
1293,9.6
1294,7.8
1294,7
1294,6.8
1294,6.8
1295,4.4
1295,4.3
1295,4.2
1295,4.6
1296,3.1
1296,3.1
1296,3.3
1296,3.7
1297,3.3
1297,3.1
1297,3
1297,3.4
1298,5.2
1298,4.6
1298,4.2
1298,4.6
1299,7.5
1299,6.5
1299,6.3
1299,6.5
1300,11.1
1300,9.7
1300,9
1300,9
1301,14.6
1301,12.9
1301,11.9
1301,11.3
1302,16.3
1302,14.5
1302,13.7
1302,13.4
1303,14.4
1303,13.6
1303,13.5
1303,13.7
1304,11.9
1304,11.5
1304,11.4
1304,11.9
1305,10.8
1305,9.8
1305,9.5
1305,9.6
1306,8
1306,7.3
1306,6.9
1306,6.9
1307,4.1
1307,4.1
1307,3.9
1307,4.3
1308,2.9
1308,3
1308,3
1308,3.5
1309,3.3
1309,3.2
1309,3
1309,3.3
1310,4.5
1310,4
1310,3.9
1310,4
1311,9
1311,8
1311,7.5
1311,7.3
1312,11.7
1312,10.1
1312,9.7
1312,9.4
1313,13.2
1313,11.4
1313,10.5
1313,10
1314,14.9
1314,13.3
1314,12.3
1314,12
1315,12.2
1315,11.6
1315,11.4
1315,12
1316,9
1316,9.1
1316,9.4
1316,10.3
1317,10.3
1317,9.6
1317,9.1
1317,9.2
1318,8.2
1318,7.6
1318,7
1318,7
1319,4.6
1319,4.5
1319,4.3
1319,4.6
1320,3.1
1320,3.3
1320,3.3
1320,3.7
1321,3.1
1321,3.1
1321,2.7
1321,3.2
1322,4.7
1322,4.2
1322,3.9
1322,4.4
1323,7.7
1323,6.8
1323,6.3
1323,6.5
1324,10.6
1324,9.3
1324,8.7
1324,9
1325,14.8
1325,13
1325,12.2
1325,11.8
1326,16.3
1326,14.7
1326,14
1326,13.6
1327,12.8
1327,12.3
1327,12.1
1327,12.6
1328,10
1328,9.9
1328,9.6
1328,10.4
1329,10.3
1329,9.7
1329,9.2
1329,9.4
1330,7.4
1330,6.9
1330,6.7
1330,6.7
1331,4.4
1331,4.3
1331,4.2
1331,4.5
1332,3.1
1332,3.3
1332,3
1332,3.4
1333,3
1333,3
1333,2.7
1333,3.1
1334,4.7
1334,4.2
1334,3.9
1334,4
1335,7.2
1335,6.4
1335,6.1
1335,6.3
1336,10.4
1336,9
1336,8.3
1336,8.3
1337,14.2
1337,12.4
1337,11.4
1337,10.9
1338,15.8
1338,14.1
1338,13.2
1338,12.9
1339,14
1339,13.3
1339,13.3
1339,13.4
1340,9.8
1340,9.5
1340,9.5
1340,10.2
1341,10.3
1341,9.7
1341,9.3
1341,9.6
1342,7.7
1342,7.2
1342,6.7
1342,6.8
1343,4.4
1343,4.3
1343,4
1343,4.3
1344,3.2
1344,3.3
1344,3.3
1344,3.5
1345,3
1345,2.8
1345,2.8
1345,3.2
1346,4.5
1346,3.9
1346,3.7
1346,4.2
1347,7.7
1347,6.7
1347,6.5
1347,6.7
1348,10.6
1348,9.3
1348,8.7
1348,8.9
1349,14.4
1349,12.7
1349,11.7
1349,11.3
1350,16.5
1350,14.8
1350,14.1
1350,13.8
1351,13.6
1351,13
1351,13.1
1351,13.6
1352,9.7
1352,9.4
1352,9.5
1352,10.3
1353,10.5
1353,10
1353,9.6
1353,9.8
1354,7.9
1354,7.5
1354,7
1354,7.2
1355,4.2
1355,4.2
1355,4
1355,4.4
1356,3.1
1356,3.3
1356,3
1356,3.6
1357,3.1
1357,3
1357,2.7
1357,3.1
1358,4.5
1358,4.2
1358,4.1
1358,4.4
1359,7
1359,6.4
1359,6
1359,6.2
1360,10.7
1360,9.3
1360,8.7
1360,8.6
1361,13.8
1361,12.1
1361,10.9
1361,10.5
1362,16.6
1362,14.8
1362,14.1
1362,13.7
1363,12.8
1363,12.2
1363,12.4
1363,13
1364,11.8
1364,11.3
1364,11.2
1364,11.5
1365,10.3
1365,9.7
1365,9.2
1365,9.6
1366,7.4
1366,6.9
1366,6.4
1366,6.4
1367,4.4
1367,4.3
1367,4.1
1367,4.5
1368,3
1368,3
1368,3
1368,3.4
1369,3.3
1369,3
1369,2.8
1369,3.2
1370,4.6
1370,4
1370,3.9
1370,4
1371,6.8
1371,6.1
1371,5.4
1371,5.9
1372,10.7
1372,9.5
1372,8.9
1372,8.9
1373,13.4
1373,11.8
1373,10.6
1373,10.5
1374,15.8
1374,14.2
1374,13.5
1374,13.2
1375,12
1375,11.5
1375,11.5
1375,12
1376,9.9
1376,9.7
1376,9.6
1376,10.4
1377,10.3
1377,9.6
1377,9.1
1377,9.4
1378,7.7
1378,7
1378,6.6
1378,6.7
1379,4.2
1379,4.2
1379,4
1379,4.5
1380,3.1
1380,3.3
1380,3
1380,3.4
1381,3.3
1381,3.2
1381,2.8
1381,3.1
1382,5.4
1382,4.9
1382,4.5
1382,4.6
1383,7.1
1383,6.2
1383,5.8
1383,5.8
1384,11
1384,9.6
1384,9
1384,9
1385,14.1
1385,12.5
1385,11.3
1385,10.7
1386,16.1
1386,14.6
1386,13.8
1386,13.5
1387,12.6
1387,12.2
1387,12.1
1387,12.6
1388,9.9
1388,9.7
1388,9.9
1388,10.4
1389,10.9
1389,10.1
1389,9.7
1389,9.9
1390,7.7
1390,7.1
1390,6.7
1390,6.8
1391,4.6
1391,4.5
1391,4.2
1391,4.3
1392,3.1
1392,3.1
1392,3
1392,3.4
1393,3
1393,2.8
1393,2.6
1393,3
1394,5.1
1394,4.6
1394,4.2
1394,4.4
1395,7.6
1395,6.6
1395,6
1395,6.2
1396,12.1
1396,10.8
1396,9.9
1396,9.4
1397,14.4
1397,12.7
1397,11.6
1397,11.3
1398,14.9
1398,13.5
1398,12.6
1398,12.6
1399,13
1399,12.5
1399,12.3
1399,12.6
1400,10.6
1400,10.3
1400,10.2
1400,10.7
1401,11.1
1401,10.4
1401,9.8
1401,9.9
1402,7.5
1402,7.1
1402,6.7
1402,6.8
1403,4.1
1403,4.1
1403,3.9
1403,4.5
1404,3.3
1404,3.3
1404,3.1
1404,3.5
1405,3.5
1405,3.4
1405,3.1
1405,3.5
1406,5
1406,4.6
1406,4.2
1406,4.4
1407,8.1
1407,7.1
1407,6.6
1407,6.8
1408,11.5
1408,10.2
1408,9.6
1408,9.4
1409,14.9
1409,13.2
1409,12
1409,11.6
1410,14.8
1410,13.4
1410,12.7
1410,12.6
1411,12
1411,11.6
1411,11.7
1411,12.2
1412,10.5
1412,10.3
1412,10.2
1412,11
1413,10.2
1413,9.6
1413,9.3
1413,9.7
1414,7.4
1414,6.7
1414,6.4
1414,6.6
1415,4.3
1415,4.1
1415,3.9
1415,4.3
1416,3.1
1416,3
1416,3
1416,3.3
1417,3
1417,2.9
1417,2.4
1417,2.8
1418,4.4
1418,4
1418,3.6
1418,4
1419,6.9
1419,6.1
1419,5.6
1419,5.9
1420,11.6
1420,9.9
1420,9
1420,8.7
1421,14.4
1421,12.7
1421,11.7
1421,11.1
1422,16.1
1422,14.4
1422,13.5
1422,13.1
1423,12.1
1423,11.6
1423,11.7
1423,12.3
1424,9.9
1424,9.7
1424,9.9
1424,10.7
1425,11.3
1425,10.4
1425,9.9
1425,10
1426,7.5
1426,6.9
1426,6.4
1426,6.6
1427,4.4
1427,4.3
1427,4
1427,4.4
1428,3
1428,3.2
1428,2.8
1428,3.3
