DATE,AVG MIN TEMPERATURE
1,0.933333333
1,-2.333333333
1,-4.233333333
1,-9.4
2,2.1
2,-1.8
2,-3.933333333
2,-9.166666667
3,8.633333333
3,4.533333333
3,2.466666667
3,-2.266666667
4,12.13333333
4,7.633333333
4,5.366666667
4,0.266666667
5,16.26666667
5,11.3
5,8.666666667
5,3.233333333
6,19.96666667
6,14.7
6,11.86666667
6,6.566666667
7,21.66666667
7,16.9
7,14.56666667
7,9.666666667
8,21.16666667
8,16.8
8,14.56666667
8,10.06666667
9,17.86666667
9,13
9,10.53333333
9,5.933333333
10,12.76666667
10,8.166666667
10,5.733333333
10,0.8
11,6.933333333
11,3.833333333
11,2.266666667
11,-2.333333333
12,2.633333333
12,-0.066666667
12,-1.7
12,-6.366666667
13,2.9
13,-0.433333333
13,-2.4
13,-7.666666667
14,4.066666667
14,-0.033333333
14,-2.333333333
14,-7.933333333
15,8.7
15,4.2
15,1.666666667
15,-3.533333333
16,12.6
16,7.8
16,5.266666667
16,0.033333333
17,17.5
17,12.6
17,10.06666667
17,4.7
18,20.06666667
18,15.36666667
18,13.06666667
18,8.033333333
19,21.43333333
19,16.76666667
19,14.3
19,9.633333333
20,20.96666667
20,16.63333333
20,14.43333333
20,9.9
21,17.66666667
21,12.86666667
21,10.46666667
21,5.8
22,11.8
22,7.733333333
22,5.7
22,1.133333333
23,5.733333333
23,2.566666667
23,0.833333333
23,-3.733333333
24,1.5
24,-1.033333333
24,-2.666666667
24,-7.266666667
25,0.6
25,-2.966666667
25,-5.166666667
25,-10.43333333
26,2.533333333
26,-1.566666667
26,-3.833333333
26,-9.433333333
27,5.333333333
27,0.633333333
27,-2
27,-7.266666667
28,10.53333333
28,5.866666667
28,3.466666667
28,-1.6
29,15.9
29,10.83333333
29,8.133333333
29,2.733333333
30,20.7
30,15.66666667
30,13.03333333
30,7.8
31,21.26666667
31,16.56666667
31,13.96666667
31,9.266666667
32,20.46666667
32,16.16666667
32,14.03333333
32,9.466666667
33,18.43333333
33,13.6
33,11.1
33,6.433333333
34,12.43333333
34,8.433333333
34,6.366666667
34,1.766666667
35,5.333333333
35,2.233333333
35,0.466666667
35,-4.1
36,1.866666667
36,-1.033333333
36,-2.8
36,-7.633333333
37,-0.033333333
37,-4.033333333
37,-6.3
37,-11.56666667
38,4
38,0.033333333
38,-2.066666667
38,-7.6
39,7.4
39,3.266666667
39,1.1
39,-3.8
40,12.96666667
40,8.233333333
40,5.7
40,0.466666667
41,16.4
41,11.6
41,9
41,3.766666667
42,20.86666667
42,15.93333333
42,13.5
42,8.4
43,21.33333333
43,16.8
43,14.7
43,9.966666667
44,20.86666667
44,16.53333333
44,14.36666667
44,9.9
45,17.36666667
45,12.5
45,9.933333333
45,5.3
46,11.26666667
46,6.9
46,4.566666667
46,-0.2
47,5.833333333
47,2.966666667
47,1.433333333
47,-3.066666667
48,2.666666667
48,0.033333333
48,-1.433333333
48,-6.133333333
49,-0.333333333
49,-3.733333333
49,-5.7
49,-10.83333333
50,-1.2
50,-5.233333333
50,-7.5
50,-12.86666667
51,3.9
51,-0.6
51,-3.033333333
51,-8.1
52,10.53333333
52,6.066666667
52,3.9
52,-1.4
53,17.73333333
53,12.63333333
53,9.966666667
53,4.466666667
54,20.53333333
54,15.56666667
54,13.03333333
54,7.966666667
55,21.76666667
55,17.23333333
55,15.03333333
55,10.26666667
56,21.6
56,17.03333333
56,14.5
56,9.8
57,17.96666667
57,13.16666667
57,10.6
57,6.066666667
58,12.5
58,8.533333333
58,6.566666667
58,2.066666667
59,6.833333333
59,3.533333333
59,1.833333333
59,-2.533333333
60,2.1
60,-0.7
60,-2.366666667
60,-7.433333333
61,-0.4
61,-3.733333333
61,-5.766666667
61,-11.2
62,1.1
62,-2.866666667
62,-4.966666667
62,-10.26666667
63,6
63,1.966666667
63,-0.066666667
63,-5.033333333
64,11.7
64,7.066666667
64,4.5
64,-0.866666667
65,18.2
65,13.06666667
65,10.33333333
65,5
66,20
66,15.26666667
66,12.96666667
66,8.033333333
67,21.86666667
67,17.36666667
67,15.03333333
67,10.3
68,21.5
68,17.03333333
68,14.93333333
68,10.33333333
69,17.26666667
69,12.5
69,10.06666667
69,5.5
70,12.56666667
70,8.433333333
70,6.2
70,1.766666667
71,7.033333333
71,3.8
71,2.1
71,-2.466666667
72,3.766666667
72,1.2
72,-0.433333333
72,-5.066666667
73,3.566666667
73,0
73,-2.333333333
73,-7.633333333
74,1.533333333
74,-2.5
74,-4.866666667
74,-10.26666667
75,5.1
75,0.866666667
75,-1.433333333
75,-6.366666667
76,11.33333333
76,7.066666667
76,4.966666667
76,-0.033333333
77,15.06666667
77,10.06666667
77,7.4
77,2.133333333
78,19
78,13.8
78,11.13333333
78,6.033333333
79,21.86666667
79,17.16666667
79,14.83333333
79,10.1
80,20.4
80,16.1
80,14.13333333
80,9.733333333
81,17.73333333
81,12.9
81,10.13333333
81,5.533333333
82,11.93333333
82,7.566666667
82,5
82,0.233333333
83,6.333333333
83,3
83,1.033333333
83,-3.4
84,1.666666667
84,-0.9
84,-2.833333333
84,-7.5
85,2.266666667
85,-0.933333333
85,-3
85,-8.233333333
86,3.333333333
86,-0.9
86,-3.666666667
86,-9.133333333
87,7.566666667
87,3.033333333
87,0.4
87,-5.233333333
88,13.2
88,8.533333333
88,6.1
88,0.733333333
89,16.4
89,11.46666667
89,8.9
89,3.5
90,20.7
90,15.53333333
90,12.86666667
90,7.7
91,21.5
91,17.13333333
91,15.33333333
91,10.83333333
92,19.93333333
92,15.7
92,13.7
92,9.2
93,16.76666667
93,12.1
93,9.8
93,5.3
94,10.9
94,6.7
94,4.333333333
94,-0.5
95,5.6
95,2.633333333
95,1.166666667
95,-3.366666667
96,1.733333333
96,-0.8
96,-2.333333333
96,-6.933333333
97,-0.1
97,-3.666666667
97,-5.833333333
97,-11.16666667
98,1.366666667
98,-2.533333333
98,-4.666666667
98,-9.9
99,7.833333333
99,3.666666667
99,1.433333333
99,-3.7
100,12.33333333
100,8.166666667
100,6.2
100,1.3
101,16.46666667
101,11.73333333
101,9.266666667
101,3.966666667
102,20.03333333
102,15.13333333
102,12.76666667
102,7.6
103,20.46666667
103,16.1
103,14.03333333
103,9.4
104,20.9
104,16.76666667
104,14.7
104,10.23333333
105,16.43333333
105,11.9
105,9.566666667
105,4.833333333
106,11.63333333
106,7.666666667
106,5.533333333
106,0.866666667
107,7.466666667
107,4.566666667
107,3
107,-1.5
108,2.2
108,-0.3
108,-1.766666667
108,-6.266666667
109,1.133333333
109,-1.9
109,-3.833333333
109,-8.8
110,3.266666667
110,-0.7
110,-2.833333333
110,-8.1
111,6.733333333
111,2.366666667
111,-0.133333333
111,-5.366666667
112,11.23333333
112,6.8
112,4.5
112,-0.866666667
113,17.26666667
113,12.56666667
113,10.16666667
113,4.833333333
114,19.93333333
114,15.1
114,12.7
114,7.6
115,20.9
115,16.73333333
115,14.76666667
115,10.3
116,20.66666667
116,16.5
116,14.5
116,10.1
117,17.73333333
117,12.93333333
117,10.53333333
117,5.833333333
118,11.33333333
118,7.366666667
118,5.3
118,0.733333333
119,5.033333333
119,2.033333333
119,0.333333333
119,-4.3
120,0.466666667
120,-2.833333333
120,-5
120,-9.733333333
121,1.7
121,-1.866666667
121,-3.933333333
121,-9.1
122,3.1
122,-0.9
122,-3.1
122,-8.5
123,5.533333333
123,1.466666667
123,-0.666666667
123,-5.533333333
124,11.93333333
124,7.3
124,4.966666667
124,0.1
125,17.53333333
125,12.5
125,9.9
125,4.666666667
126,20.66666667
126,15.8
126,13.36666667
126,8.433333333
127,22.06666667
127,17.33333333
127,14.83333333
127,10.2
128,21.53333333
128,16.9
128,14.3
128,9.833333333
129,18
129,13.3
129,10.86666667
129,6.066666667
130,12.1
130,7.766666667
130,5.5
130,0.8
131,3.666666667
131,0.433333333
131,-1.233333333
131,-5.6
132,1.6
132,-1.433333333
132,-3.333333333
132,-7.933333333
133,1.766666667
133,-1.6
133,-3.733333333
133,-8.9
134,4.4
134,0.266666667
134,-1.866666667
134,-6.866666667
135,6.866666667
135,2.666666667
135,0.333333333
135,-4.533333333
136,12.66666667
136,8.333333333
136,6.333333333
136,1.466666667
137,16.66666667
137,11.76666667
137,9.266666667
137,4.033333333
138,20.6
138,15.73333333
138,13.3
138,8.233333333
139,22.13333333
139,17.6
139,15.46666667
139,10.86666667
140,20.4
140,16.1
140,13.96666667
140,9.5
141,16.03333333
141,11.4
141,8.933333333
141,4.333333333
142,12
142,8.133333333
142,6.166666667
142,1.633333333
143,5.066666667
143,1.933333333
143,0.333333333
143,-4.133333333
144,1.966666667
144,-0.733333333
144,-2.433333333
144,-6.933333333
145,2.333333333
145,-0.733333333
145,-2.6
145,-7.8
146,2.633333333
146,-1.366666667
146,-3.833333333
146,-9.233333333
147,4.933333333
147,0.766666667
147,-1.533333333
147,-6.633333333
148,12.46666667
148,7.7
148,5.233333333
148,-0.066666667
149,16.1
149,11.46666667
149,9.333333333
149,3.933333333
150,19.36666667
150,14.46666667
150,12.2
150,7.166666667
151,21.16666667
151,16.73333333
151,14.83333333
151,10.23333333
152,20.66666667
152,16.13333333
152,13.96666667
152,9.533333333
153,17.13333333
153,12.36666667
153,9.9
153,5.133333333
154,11.83333333
154,7.766666667
154,5.733333333
154,1.266666667
155,4.966666667
155,1.7
155,0.033333333
155,-4.433333333
156,1.733333333
156,-0.833333333
156,-2.333333333
156,-6.866666667
157,3.4
157,0.2
157,-1.666666667
157,-6.9
158,1.8
158,-2.1
158,-4.2
158,-9.366666667
159,6.3
159,2.066666667
159,-0.233333333
159,-5.066666667
160,12.13333333
160,7.466666667
160,5.3
160,0.333333333
161,17.03333333
161,11.9
161,9.433333333
161,4.066666667
162,20.96666667
162,16
162,13.8
162,8.9
163,21.23333333
163,16.76666667
163,14.56666667
163,10.06666667
164,20.6
164,16.43333333
164,14.33333333
164,9.933333333
165,18.26666667
165,13.6
165,11.4
165,7
166,10.2
166,6.333333333
166,4.4
166,-0.133333333
167,6.4
167,3.533333333
167,2.066666667
167,-2.2
168,0.966666667
168,-1.8
168,-3.566666667
168,-8.233333333
169,1.033333333
169,-2
169,-3.833333333
169,-9.1
170,1.366666667
170,-2.4
170,-4.533333333
170,-10.1
171,8.833333333
171,4.833333333
171,2.333333333
171,-2.633333333
172,12.53333333
172,7.966666667
172,5.633333333
172,0.6
173,19.2
173,14.3
173,11.73333333
173,6.266666667
174,20.63333333
174,15.76666667
174,13.46666667
174,8.4
175,22
175,17.53333333
175,14.96666667
175,10.2
176,21.6
176,17.2
176,14.9
176,10.5
177,19.06666667
177,14.33333333
177,11.9
177,7.4
178,13.03333333
178,8.8
178,6.433333333
178,1.7
179,6.2
179,3.066666667
179,1.5
179,-3.033333333
180,1.8
180,-1
180,-2.566666667
180,-7.2
181,3.033333333
181,-0.533333333
181,-2.566666667
181,-7.7
182,2.833333333
182,-1.8
182,-4.3
182,-9.6
183,9.933333333
183,5.533333333
183,3.066666667
183,-2.133333333
184,13.6
184,9.1
184,6.833333333
184,1.8
185,16.03333333
185,11.1
185,8.666666667
185,3.366666667
186,20.43333333
186,15.36666667
186,12.86666667
186,7.966666667
187,21.1
187,16.53333333
187,14.4
187,9.766666667
188,20.9
188,16.63333333
188,14.66666667
188,10.56666667
189,17.4
189,12.63333333
189,10.3
189,5.8
190,11.73333333
190,7.666666667
190,5.5
190,1
191,3.733333333
191,0.366666667
191,-1.833333333
191,-6.6
192,1.533333333
192,-1.1
192,-3.233333333
192,-7.9
193,2.533333333
193,-0.7
193,-2.9
193,-8.066666667
194,5.2
194,1.4
194,-0.433333333
194,-5.666666667
195,7.266666667
195,3
195,0.633333333
195,-4.5
196,9.933333333
196,5.466666667
196,3.3
196,-1.733333333
197,15
197,10.46666667
197,8.8
197,4
198,19.86666667
198,14.93333333
198,12.73333333
198,7.8
199,21.03333333
199,16.7
199,14.73333333
199,10.23333333
200,20.03333333
200,15.73333333
200,13.96666667
200,9.733333333
201,16.66666667
201,12.03333333
201,9.833333333
201,5.433333333
202,10.6
202,6.666666667
202,4.733333333
202,0.2
203,4.5
203,1.333333333
203,-0.3
203,-4.833333333
204,2.4
204,-0.233333333
204,-2.5
204,-7.4
205,0.133333333
205,-3.1
205,-5.1
205,-10.3
206,3.466666667
206,-0.6
206,-2.933333333
206,-8.466666667
207,6.9
207,2.666666667
207,0.333333333
207,-4.8
208,10.4
208,5.966666667
208,3.833333333
208,-1.266666667
209,18.56666667
209,13.66666667
209,11.13333333
209,5.8
210,20.1
210,15.16666667
210,13.16666667
210,8.266666667
211,22.03333333
211,17.46666667
211,15.16666667
211,10.5
212,21.56666667
212,17.13333333
212,15.03333333
212,10.6
213,17.03333333
213,12.33333333
213,10
213,5.533333333
214,11.56666667
214,7.566666667
214,5.5
214,0.9
215,5.1
215,1.833333333
215,-0.766666667
215,-5.366666667
216,0.766666667
216,-2.033333333
216,-4.866666667
216,-9.7
217,0.5
217,-3.033333333
217,-6.3
217,-11.96666667
218,0.933333333
218,-3.133333333
218,-5.333333333
218,-10.66666667
219,7.266666667
219,2.966666667
219,-0.066666667
219,-5.3
220,11.8
220,7.3
220,5
220,0.1
221,16.1
221,11.2
221,8.8
221,3.5
222,21.16666667
222,16.1
222,13.36666667
222,8.266666667
223,21.46666667
223,16.93333333
223,14.73333333
223,10.06666667
224,20.33333333
224,15.9
224,13.96666667
224,9.533333333
225,16.26666667
225,11.5
225,9
225,4.3
226,11.16666667
226,7.166666667
226,5.1
226,0.566666667
227,4.9
227,1.733333333
227,0.133333333
227,-4.366666667
228,1.3
228,-1.366666667
228,-2.833333333
228,-7.433333333
229,1.233333333
229,-1.966666667
229,-3.266666667
229,-8.266666667
230,1.2
230,-2.8
230,-5.333333333
230,-10.96666667
231,6.733333333
231,2.433333333
231,-0.333333333
231,-5.4
232,11
232,6.366666667
232,3.7
232,-1.5
233,13.23333333
233,8.3
233,5.9
233,0.733333333
234,18.5
234,13.66666667
234,11.23333333
234,6.266666667
235,21.33333333
235,16.73333333
235,14.3
235,9.8
236,20.4
236,15.96666667
236,13.5
236,9
237,17.8
237,12.93333333
237,10.16666667
237,5.5
238,12.26666667
238,8.166666667
238,6.066666667
238,1.5
239,6.1
239,2.8
239,0.466666667
239,-4.333333333
240,1.7
240,-1.2
240,-3.833333333
240,-8.833333333
241,1.633333333
241,-1.633333333
241,-3.733333333
241,-9.2
242,1.633333333
242,-2.366666667
242,-4.5
242,-9.933333333
243,9.6
243,5.1
243,2.1
243,-3.466666667
244,14.53333333
244,9.933333333
244,7.433333333
244,2.3
245,18.1
245,13.1
245,10
245,4.366666667
246,19.8
246,14.76666667
246,11.93333333
246,6.733333333
247,21.7
247,17.16666667
247,14.73333333
247,9.966666667
248,20.16666667
248,15.73333333
248,13.36666667
248,8.9
249,16.9
249,12.23333333
249,9.7
249,5.2
250,10.53333333
250,6.533333333
250,4.566666667
250,0.033333333
251,5.633333333
251,2.466666667
251,0.7
251,-3.866666667
252,3.233333333
252,0.5
252,-1.3
252,-6.033333333
253,1.333333333
253,-1.866666667
253,-3.866666667
253,-8.966666667
254,4.466666667
254,0.333333333
254,-2
254,-7.366666667
255,8.766666667
255,4.5
255,2.3
255,-2.733333333
256,12.93333333
256,8.433333333
256,6.233333333
256,1.133333333
257,16.53333333
257,11.6
257,8.966666667
257,3.6
258,19.8
258,14.86666667
258,12.16666667
258,7.166666667
259,21.73333333
259,17.13333333
259,14.76666667
259,10.06666667
260,21.03333333
260,16.6
260,14.3
260,9.966666667
261,17.03333333
261,12.33333333
261,9.9
261,5.433333333
262,10.7
262,6.733333333
262,4.833333333
262,0.466666667
263,5.3
263,2.166666667
263,0.733333333
263,-3.533333333
264,2.3
264,-0.3
264,-1.733333333
264,-6.266666667
265,1.466666667
265,-1.833333333
265,-3.866666667
265,-9.1
266,2.466666667
266,-1.533333333
266,-3.766666667
266,-9.066666667
267,8.233333333
267,3.933333333
267,1.6
267,-3.5
268,13.26666667
268,8.7
268,6.1
268,0.866666667
269,15.86666667
269,10.93333333
269,8.4
269,3.166666667
270,20.93333333
270,15.9
270,13.26666667
270,8.2
271,20.53333333
271,15.93333333
271,13.6
271,8.9
272,20.1
272,15.73333333
272,13.76666667
272,9.633333333
273,16.56666667
273,11.73333333
273,9.066666667
273,4.3
274,10.46666667
274,6.466666667
274,4.433333333
274,-0.066666667
275,4.766666667
275,1.566666667
275,-0.233333333
275,-4.9
276,1.566666667
276,-1.3
276,-3.566666667
276,-8.466666667
277,0.666666667
277,-2.6
277,-4.6
277,-9.8
278,3.066666667
278,-0.9
278,-2.933333333
278,-8.3
279,8.733333333
279,4.366666667
279,1.933333333
279,-3.266666667
280,12.8
280,8.266666667
280,5.933333333
280,0.766666667
281,13.4
281,8.4
281,5.766666667
281,0.433333333
282,20.63333333
282,15.6
282,12.93333333
282,7.666666667
283,22.16666667
283,17.56666667
283,15.33333333
283,10.66666667
284,20.83333333
284,16.33333333
284,14.13333333
284,9.766666667
285,16.23333333
285,11.53333333
285,9.166666667
285,4.666666667
286,11.46666667
286,7.433333333
286,5.366666667
286,0.9
287,4.9
287,1.733333333
287,0
287,-4.466666667
288,2.566666667
288,-0.133333333
288,-2.166666667
288,-7.033333333
289,0.066666667
289,-3.233333333
289,-5.566666667
289,-10.96666667
290,0.866666667
290,-3.2
290,-5.8
290,-11.23333333
291,8.633333333
291,4.366666667
291,2
291,-3.066666667
292,14.33333333
292,9.666666667
292,7
292,1.633333333
293,16.43333333
293,11.56666667
293,9.2
293,4.033333333
294,19.36666667
294,14.4
294,12.06666667
294,7.266666667
295,20.96666667
295,16.53333333
295,14.56666667
295,10.06666667
296,20.53333333
296,15.96666667
296,13.76666667
296,9.366666667
297,17.56666667
297,12.73333333
297,10.2
297,5.633333333
298,11.96666667
298,7.933333333
298,5.833333333
298,1.333333333
299,4.4
299,1.133333333
299,-0.7
299,-5.233333333
300,2.033333333
300,-0.566666667
300,-2.3
300,-6.7
301,2.133333333
301,-1.066666667
301,-3.133333333
301,-8.233333333
302,4.866666667
302,0.833333333
302,-1.633333333
302,-7.066666667
303,6.7
303,2.533333333
303,0.7
303,-4.166666667
304,9.9
304,5.333333333
304,3.2
304,-1.766666667
305,14.76666667
305,9.9
305,7.733333333
305,2.633333333
306,20.4
306,15.26666667
306,12.73333333
306,7.5
307,21.96666667
307,17.3
307,15.03333333
307,10.36666667
308,21.2
308,16.76666667
308,14.86666667
308,10.46666667
309,17.56666667
309,12.83333333
309,10.66666667
309,6.1
310,11.2
310,7.133333333
310,4.966666667
310,0.266666667
311,3.133333333
311,-0.366666667
311,-2.266666667
311,-6.833333333
312,1.8
312,-0.666666667
312,-2.3
312,-6.733333333
313,0.1
313,-3.4
313,-5.6
313,-10.76666667
314,1.333333333
314,-2.633333333
314,-4.766666667
314,-9.666666667
315,6.366666667
315,1.966666667
315,-0.566666667
315,-5.566666667
316,11.8
316,7.5
316,5.433333333
316,0.533333333
317,15.6
317,10.8
317,8.4
317,3.133333333
318,19.6
318,14.66666667
318,12.26666667
318,7.3
319,21.56666667
319,17.03333333
319,15.06666667
319,10.53333333
320,20.63333333
320,16.33333333
320,14.23333333
320,9.933333333
321,17.23333333
321,12.53333333
321,10.03333333
321,5.433333333
322,12.3
322,8.566666667
322,6.666666667
322,2.266666667
323,5.5
323,2.4
323,0.666666667
323,-3.8
324,2.866666667
324,0.166666667
324,-1.533333333
324,-6.533333333
325,0.966666667
325,-2.566666667
325,-5.433333333
325,-10.73333333
326,3.366666667
326,-0.733333333
326,-3.2
326,-8.533333333
327,7.433333333
327,2.833333333
327,-0.433333333
327,-5.633333333
328,12.6
328,7.966666667
328,5.366666667
328,0.3
329,18
329,13
329,10.36666667
329,5.066666667
330,20.3
330,15.26666667
330,12.8
330,7.866666667
331,21.43333333
331,16.83333333
331,14.2
331,9.6
332,20.83333333
332,16.2
332,13.63333333
332,9.2
333,16.93333333
333,11.96666667
333,9.133333333
333,4.466666667
334,12.63333333
334,8.333333333
334,5.933333333
334,1.3
335,6.066666667
335,2.966666667
335,1.3
335,-3.2
336,1.366666667
336,-1.366666667
336,-3.033333333
336,-7.633333333
337,0.433333333
337,-3.5
337,-5.966666667
337,-11.5
338,1.233333333
338,-2.9
338,-5.3
338,-10.96666667
339,9.733333333
339,5.3
339,2.933333333
339,-2.366666667
340,13.8
340,9.433333333
340,7.166666667
340,2.233333333
341,17.13333333
341,12
341,9.2
341,3.766666667
342,20.2
342,15.23333333
342,12.56666667
342,7.433333333
343,20.96666667
343,16.33333333
343,14.16666667
343,9.633333333
344,20.36666667
344,16.13333333
344,14.1
344,9.633333333
345,18.2
345,13.5
345,11.06666667
345,6.466666667
346,11.26666667
346,6.966666667
346,4.566666667
346,-0.233333333
347,5.9
347,2.533333333
347,0.7
347,-4.033333333
348,-0.466666667
348,-3.633333333
348,-6.266666667
348,-10.96666667
349,-0.8
349,-4.6
349,-7.166666667
349,-12.76666667
350,1.8
350,-2.5
350,-5
350,-10.53333333
351,8.233333333
351,3.733333333
351,1.266666667
351,-4.033333333
352,11.26666667
352,6.7
352,4.266666667
352,-0.7
353,16.53333333
353,11.63333333
353,9.1
353,4.033333333
354,19.36666667
354,14.56666667
354,12.16666667
354,7.4
355,20.93333333
355,16.73333333
355,14.8
355,10.36666667
356,20.43333333
356,16.16666667
356,13.86666667
356,9.633333333
357,17.16666667
357,12.1
357,9.533333333
357,4.8
358,11.66666667
358,7.7
358,5.533333333
358,1
359,5.7
359,2.733333333
359,1.3
359,-2.966666667
360,2.1
360,-0.8
360,-2.9
360,-7.766666667
361,3.233333333
361,0.233333333
361,-1.666666667
361,-7
362,1.366666667
362,-2.6
362,-5
362,-10.53333333
363,8
363,3.8
363,1.6
363,-3.566666667
364,14.1
364,9.566666667
364,7.3
364,2.233333333
365,16.46666667
365,11.7
365,9.066666667
365,3.866666667
366,19.66666667
366,14.83333333
366,12.23333333
366,7.3
367,19.93333333
367,15.33333333
367,13.1
367,8.7
368,21.5
368,17.06666667
368,15.16666667
368,10.8
369,17.7
369,13.06666667
369,10.93333333
369,6.7
370,12.6
370,8.666666667
370,6.666666667
370,2.133333333
371,5.866666667
371,2.9
371,1.333333333
371,-3.3
372,2.233333333
372,-0.566666667
372,-2.566666667
372,-7.266666667
373,3.533333333
373,0.266666667
373,-1.7
373,-6.966666667
374,2.566666667
374,-1.366666667
374,-4.066666667
374,-9.4
375,8.566666667
375,4.3
375,2
375,-3.066666667
376,13.6
376,9.033333333
376,6.766666667
376,1.866666667
377,15.5
377,10.46666667
377,7.966666667
377,2.666666667
378,20.76666667
378,15.83333333
378,13.3
378,8.233333333
379,21.93333333
379,17.5
379,15.46666667
379,10.96666667
380,20.03333333
380,15.63333333
380,13.5
380,9.1
381,18.2
381,13.56666667
381,11.23333333
381,6.766666667
382,12.03333333
382,8.133333333
382,6.066666667
382,1.533333333
383,6.2
383,3.233333333
383,1.533333333
383,-3.033333333
384,1.566666667
384,-1.133333333
384,-3.3
384,-8.266666667
385,-0.833333333
385,-4.133333333
385,-6.533333333
385,-12.3
386,3.866666667
386,-0.166666667
386,-2.4
386,-7.733333333
387,7.633333333
387,3.366666667
387,0.866666667
387,-4.666666667
388,10.6
388,6.066666667
388,3.9
388,-0.9
389,16.03333333
389,11.03333333
389,8.7
389,3.466666667
390,20.5
390,15.6
390,13.2
390,8.266666667
391,21.6
391,17.36666667
391,15.56666667
391,11.33333333
392,19.23333333
392,14.83333333
392,13.33333333
392,9.266666667
393,16.43333333
393,11.76666667
393,9.533333333
393,5.3
394,11.5
394,7.5
394,5.433333333
394,0.9
395,6.066666667
395,2.966666667
395,1.3
395,-3.2
396,4.166666667
396,1.7
396,0.066666667
396,-4.533333333
397,-0.7
397,-3.933333333
397,-6.533333333
397,-11.96666667
398,5.933333333
398,1.9
398,-0.4
398,-5.833333333
399,6.666666667
399,2.233333333
399,-0.166666667
399,-5.2
400,12.7
400,8.066666667
400,5.666666667
400,0.6
401,15.4
401,10.6
401,7.9
401,2.6
402,20.2
402,15.26666667
402,12.8
402,7.766666667
403,21.13333333
403,16.66666667
403,14.53333333
403,10
404,20.63333333
404,16.3
404,14.36666667
404,10.16666667
405,18.16666667
405,13.46666667
405,10.73333333
405,6
406,11.26666667
406,7.266666667
406,5.133333333
406,0.466666667
407,5.533333333
407,2.4
407,0.5
407,-4.366666667
408,3.266666667
408,0.6
408,-1.3
408,-5.766666667
409,-0.5
409,-3.766666667
409,-6.066666667
409,-11.53333333
410,2.833333333
410,-1.433333333
410,-3.7
410,-8.9
411,7.5
411,3.1
411,0.6
411,-4.666666667
412,9.6
412,5.166666667
412,3.033333333
412,-1.966666667
413,16.53333333
413,11.6
413,8.966666667
413,3.566666667
414,19.76666667
414,14.8
414,12.4
414,6.966666667
415,21.23333333
415,16.73333333
415,14.7
415,10.23333333
416,20.23333333
416,15.83333333
416,14.03333333
416,9.833333333
417,17.5
417,12.8
417,10.46666667
417,5.966666667
418,11.06666667
418,7.066666667
418,5.133333333
418,0.766666667
419,5.9
419,2.733333333
419,0.833333333
419,-3.933333333
420,2.133333333
420,-0.566666667
420,-2.4
420,-7.133333333
421,0.266666667
421,-3.066666667
421,-5.233333333
421,-10.56666667
422,4.2
422,0.3
422,-1.766666667
422,-6.966666667
423,6.533333333
423,2.166666667
423,-0.366666667
423,-5.533333333
424,11.9
424,7.266666667
424,4.866666667
424,-0.3
425,19.8
425,14.8
425,12.06666667
425,6.633333333
426,19.53333333
426,14.66666667
426,12.46666667
426,7.466666667
427,20.9
427,16.36666667
427,14.36666667
427,9.766666667
428,20.73333333
428,16.26666667
428,14.16666667
428,9.666666667
429,17.56666667
429,12.83333333
429,10.73333333
429,6.266666667
430,12.46666667
430,8.333333333
430,6.3
430,1.6
431,5.733333333
431,2.533333333
431,0.733333333
431,-3.933333333
432,2.433333333
432,-0.1
432,-1.933333333
432,-6.566666667
433,1.3
433,-2
433,-4.4
433,-9.7
434,3.8
434,-0.2
434,-2.4
434,-7.7
435,7.2
435,2.866666667
435,0.233333333
435,-4.9
436,11.46666667
436,6.933333333
436,4.4
436,-0.7
437,17.16666667
437,12.33333333
437,9.733333333
437,4.5
438,21.06666667
438,16.06666667
438,13.5
438,8.5
439,20.86666667
439,16.43333333
439,14.4
439,9.866666667
440,21.33333333
440,16.83333333
440,14.6
440,10.06666667
441,17.96666667
441,13.3
441,11
441,6.4
442,11.1
442,7.333333333
442,5.366666667
442,0.866666667
443,4.8
443,1.633333333
443,-0.3
443,-4.9
444,0.8
444,-2
444,-3.633333333
444,-8.533333333
445,0.366666667
445,-2.733333333
445,-4.6
445,-9.733333333
446,0.733333333
446,-3.233333333
446,-5.066666667
446,-10.26666667
447,7.1
447,2.766666667
447,0.2
447,-4.866666667
448,13.23333333
448,8.733333333
448,6.3
448,1.133333333
449,19.43333333
449,14.46666667
449,11.9
449,6.533333333
450,19.56666667
450,14.56666667
450,12.13333333
450,7.066666667
451,22.06666667
451,17.56666667
451,15.1
451,10.46666667
452,21.4
452,16.93333333
452,14.63333333
452,10.06666667
453,17.43333333
453,12.63333333
453,10.03333333
453,5.4
454,12.36666667
454,8.3
454,5.966666667
454,1.266666667
455,4.866666667
455,1.833333333
455,0.066666667
455,-4.433333333
456,2.3
456,-0.266666667
456,-1.966666667
456,-6.6
457,2
457,-1.166666667
457,-3.133333333
457,-8.333333333
458,2.533333333
458,-1.5
458,-3.833333333
458,-9.2
459,4.666666667
459,0.433333333
459,-1.966666667
459,-7.066666667
460,10.5
460,5.966666667
460,3.366666667
460,-1.8
461,17.4
461,12.33333333
461,9.633333333
461,4.2
462,20.16666667
462,15.33333333
462,13.03333333
462,7.9
463,21.7
463,17.23333333
463,15.16666667
463,10.6
464,21.43333333
464,16.86666667
464,14.46666667
464,9.933333333
465,18.8
465,13.96666667
465,11.43333333
465,6.766666667
466,13.03333333
466,9.066666667
466,7.033333333
466,2.566666667
467,6.2
467,3.166666667
467,1.6
467,-2.966666667
468,3.8
468,1.166666667
468,-0.366666667
468,-5.133333333
469,3.133333333
469,1.48E-16
469,-1.866666667
469,-7.1
470,4.566666667
470,0.8
470,-1.033333333
470,-6.366666667
471,7.133333333
471,2.866666667
471,0.466666667
471,-4.633333333
472,11.7
472,7.233333333
472,5
472,-0.133333333
473,17.26666667
473,12.33333333
473,9.633333333
473,4.3
474,20.63333333
474,15.83333333
474,13.36666667
474,8.333333333
475,22.36666667
475,17.86666667
475,15.66666667
475,11
476,20.4
476,16.06666667
476,14
476,9.6
477,16.76666667
477,12.1
477,9.9
477,5.4
478,12.8
478,9
478,7.166666667
478,2.733333333
479,7.1
479,4.033333333
479,2.266666667
479,-2.333333333
480,2.766666667
480,0.133333333
480,-1.433333333
480,-6.2
481,1.133333333
481,-2.133333333
481,-4.233333333
481,-9.433333333
482,4.666666667
482,0.766666667
482,-1.133333333
482,-6.433333333
483,9.766666667
483,5.5
483,3.133333333
483,-2.066666667
484,14.7
484,10.03333333
484,7.533333333
484,2.366666667
485,18.33333333
485,13.5
485,10.86666667
485,5.433333333
486,20.26666667
486,15.43333333
486,13.1
486,7.966666667
487,21.56666667
487,16.83333333
487,14.43333333
487,9.666666667
488,21.66666667
488,17.3
488,15.06666667
488,10.56666667
489,17.3
489,12.56666667
489,10.2
489,5.6
490,14.83333333
490,10.83333333
490,8.8
490,4.233333333
491,6.966666667
491,3.933333333
491,2.3
491,-2.233333333
492,3.5
492,0.933333333
492,-0.9
492,-5.566666667
493,0.766666667
493,-2.433333333
493,-4.433333333
493,-9.6
494,3.433333333
494,-0.5
494,-2.833333333
494,-8.166666667
495,9.733333333
495,5.466666667
495,3.066666667
495,-2.066666667
496,14.3
496,9.733333333
496,7.233333333
496,2.133333333
497,17.16666667
497,12.33333333
497,9.8
497,4.566666667
498,20.4
498,15.5
498,13
498,8
499,20.9
499,16.56666667
499,14.6
499,10.1
500,20.4
500,16.03333333
500,13.9
500,9.466666667
501,16.96666667
501,12.3
501,10.03333333
501,5.4
502,12.1
502,8.266666667
502,6.233333333
502,1.633333333
503,7.9
503,5
503,3.6
503,-0.833333333
504,2.166666667
504,-0.366666667
504,-2.1
504,-6.8
505,1.6
505,-1.6
505,-3.766666667
505,-9
506,4.266666667
506,0.333333333
506,-1.866666667
506,-7.3
507,8.8
507,4.6
507,2.1
507,-2.933333333
508,11.66666667
508,7.133333333
508,4.833333333
508,-0.266666667
509,16.13333333
509,11.33333333
509,8.833333333
509,3.666666667
510,19.8
510,14.9
510,12.26666667
510,7.233333333
511,21.13333333
511,16.63333333
511,14.6
511,9.966666667
512,21.1
512,16.7
512,14.63333333
512,10.26666667
513,18.7
513,13.93333333
513,11.43333333
513,6.8
514,12.06666667
514,8.1
514,5.9
514,1.3
515,6.8
515,3.766666667
515,1.966666667
515,-2.6
516,4.133333333
516,1.566666667
516,-7.40E-17
516,-4.666666667
517,0.766666667
517,-2.366666667
517,-4
517,-9.266666667
518,1.733333333
518,-2.166666667
518,-4.1
518,-9.266666667
519,7.766666667
519,3.533333333
519,1.4
519,-3.8
520,12.56666667
520,8.1
520,5.9
520,0.866666667
521,17.96666667
521,13.1
521,10.63333333
521,5.3
522,20.16666667
522,15.2
522,12.7
522,7.733333333
523,22.03333333
523,17.56666667
523,15.6
523,11.03333333
524,20.76666667
524,16.5
524,14.4
524,10.03333333
525,16.46666667
525,11.66666667
525,9.333333333
525,4.7
526,11.2
526,7.333333333
526,5.366666667
526,0.866666667
527,6.6
527,3.6
527,2.033333333
527,-2.533333333
528,2.3
528,-0.333333333
528,-2.7
528,-7.833333333
529,-0.366666667
529,-3.633333333
529,-5.666666667
529,-10.86666667
530,2.033333333
530,-2.033333333
530,-4.366666667
530,-9.833333333
531,8.133333333
531,3.8
531,1.233333333
531,-4.133333333
532,11.2
532,6.666666667
532,4.5
532,-0.533333333
533,16.13333333
533,11.16666667
533,8.533333333
533,3.166666667
534,20.2
534,15.23333333
534,12.73333333
534,7.633333333
535,21.36666667
535,16.8
535,14.6
535,10.06666667
536,20.9
536,16.5
536,14.4
536,10
537,17.93333333
537,13.23333333
537,10.93333333
537,6.433333333
538,11.83333333
538,7.8
538,5.633333333
538,0.933333333
539,6.666666667
539,3.733333333
539,2.166666667
539,-2.3
540,1.4
540,-1.233333333
540,-3.033333333
540,-7.8
541,2.2
541,-1.133333333
541,-3.233333333
541,-8.433333333
542,5.266666667
542,1.3
542,-0.666666667
542,-6.066666667
543,7.733333333
543,3.566666667
543,1.4
543,-3.666666667
544,15.6
544,11
544,8.5
544,3.366666667
545,18.3
545,13.4
545,10.86666667
545,5.466666667
546,20.7
546,15.73333333
546,12.96666667
546,8
547,22.06666667
547,17.53333333
547,15.23333333
547,10.6
548,21.43333333
548,17
548,14.73333333
548,10.3
549,18.03333333
549,13.26666667
549,10.96666667
549,6.3
550,13.5
550,9.366666667
550,7.333333333
550,2.733333333
551,5.233333333
551,2.033333333
551,0.066666667
551,-4.533333333
552,0.766666667
552,-2.066666667
552,-4.166666667
552,-9
553,-0.3
553,-3.633333333
553,-5.2
553,-10.43333333
554,2.866666667
554,-1.133333333
554,-3.233333333
554,-8.533333333
555,9.4
555,5.1
555,2.833333333
555,-2.266666667
556,14.4
556,9.833333333
556,7.433333333
556,2.3
557,18.16666667
557,13.2
557,10.63333333
557,5.366666667
558,21.6
558,16.46666667
558,13.63333333
558,8.466666667
559,21.86666667
559,17.2
559,14.86666667
559,10
560,21.56666667
560,17.13333333
560,15.06666667
560,10.56666667
561,18
561,13.33333333
561,11
561,6.433333333
562,11.63333333
562,7.766666667
562,5.766666667
562,1.166666667
563,7.233333333
563,4.1
563,2.433333333
563,-2.233333333
564,1.9
564,-1.033333333
564,-2.966666667
564,-7.8
565,0.766666667
565,-2.9
565,-5.166666667
565,-10.53333333
566,2.266666667
566,-1.733333333
566,-4
566,-9.366666667
567,6.966666667
567,2.6
567,0.333333333
567,-4.8
568,13.56666667
568,9.066666667
568,6.766666667
568,1.8
569,17.7
569,12.8
569,10.16666667
569,4.766666667
570,19.56666667
570,14.53333333
570,11.93333333
570,6.9
571,21.33333333
571,16.73333333
571,14.6
571,10
572,20.9
572,16.53333333
572,14.46666667
572,10.13333333
573,17.96666667
573,13.16666667
573,10.66666667
573,6.133333333
574,12.1
574,7.966666667
574,5.666666667
574,1.033333333
575,4.766666667
575,1.533333333
575,-0.266666667
575,-4.833333333
576,1.766666667
576,-0.866666667
576,-2.666666667
576,-7.266666667
577,2.066666667
577,-1.366666667
577,-3.966666667
577,-9.233333333
578,1.6
578,-2.433333333
578,-4.533333333
578,-9.8
579,7.933333333
579,3.633333333
579,1.333333333
579,-3.7
580,14.66666667
580,9.566666667
580,7.1
580,2.066666667
581,19.16666667
581,14
581,11.36666667
581,6.1
582,19.06666667
582,13.93333333
582,11.5
582,6.5
583,21.36666667
583,16.96666667
583,14.8
583,10.06666667
584,20.66666667
584,16.3
584,14.13333333
584,9.766666667
585,18.6
585,13.7
585,11.06666667
585,6.466666667
586,11.4
586,7.433333333
586,5.466666667
586,0.966666667
587,4.2
587,1.033333333
587,-0.733333333
587,-5.266666667
588,1.466666667
588,-1.266666667
588,-3.2
588,-7.933333333
589,1.633333333
589,-1.633333333
589,-3.766666667
589,-8.966666667
590,0.233333333
590,-3.833333333
590,-6.4
590,-11.9
591,6.333333333
591,2.166666667
591,-0.2
591,-5.233333333
592,10.46666667
592,5.866666667
592,3.566666667
592,-1.533333333
593,16.63333333
593,11.66666667
593,9.1
593,3.833333333
594,20.96666667
594,15.96666667
594,13.53333333
594,8.533333333
595,21.66666667
595,17.23333333
595,15.1
595,10.5
596,20.7
596,16.3
596,14.16666667
596,9.8
597,16
597,11.26666667
597,8.9
597,4.366666667
598,10.93333333
598,6.9
598,4.733333333
598,0.066666667
599,4.966666667
599,1.866666667
599,0.133333333
599,-4.3
600,-0.266666667
600,-3.1
600,-4.966666667
600,-9.733333333
601,1.266666667
601,-2.266666667
601,-4.4
601,-9.866666667
602,2.133333333
602,-2.066666667
602,-4.4
602,-9.9
603,7.933333333
603,3.6
603,1.166666667
603,-4.166666667
604,10.26666667
604,5.8
604,3.4
604,-1.733333333
605,15.96666667
605,11.1
605,8.433333333
605,3.233333333
606,19.03333333
606,14.03333333
606,11.63333333
606,6.466666667
607,21.1
607,16.53333333
607,14.03333333
607,9.433333333
608,20.63333333
608,16
608,13.7
608,9.2
609,18.23333333
609,13.33333333
609,10.8
609,6.1
610,14.3
610,10.2
610,8.033333333
610,3.333333333
611,7.466666667
611,4.3
611,2.533333333
611,-2.4
612,3.933333333
612,1.2
612,-0.533333333
612,-5.533333333
613,2.033333333
613,-1.366666667
613,-3.466666667
613,-8.866666667
614,4.633333333
614,0.733333333
614,-1.8
614,-7.166666667
615,7.366666667
615,3
615,0.6
615,-4.533333333
616,13.93333333
616,9.3
616,6.866666667
616,1.833333333
617,17.06666667
617,12
617,9.333333333
617,3.933333333
618,20.26666667
618,15.23333333
618,12.73333333
618,7.6
619,20.86666667
619,16.33333333
619,14.13333333
619,9.4
620,20.6
620,16.2
620,14.1
620,9.533333333
621,17.8
621,13.06666667
621,10.46666667
621,5.9
622,11.9
622,7.833333333
622,5.3
622,0.8
623,6.033333333
623,2.833333333
623,0.8
623,-3.766666667
624,2.8
624,0.1
624,-1.633333333
624,-6.8
625,0.966666667
625,-2.533333333
625,-4.766666667
625,-10.2
626,4.9
626,0.9
626,-1.6
626,-7.133333333
627,10.7
627,6.433333333
627,4
627,-1.466666667
628,13.66666667
628,9.066666667
628,6.6
628,1.333333333
629,17.86666667
629,12.9
629,10.33333333
629,5.066666667
630,20.96666667
630,15.8
630,13.3
630,8.266666667
631,21.86666667
631,17.36666667
631,15.26666667
631,10.66666667
632,20.73333333
632,16.3
632,14.13333333
632,9.733333333
633,17.43333333
633,12.86666667
633,10.53333333
633,6.1
634,12.03333333
634,7.766666667
634,5.533333333
634,0.633333333
635,6.3
635,3.066666667
635,1.366666667
635,-3.3
636,5.233333333
636,2.333333333
636,0.4
636,-4.133333333
637,0.6
637,-2.833333333
637,-4.8
637,-10.1
638,3.066666667
638,-0.866666667
638,-3.2
638,-8.666666667
639,8.366666667
639,3.866666667
639,1.566666667
639,-3.5
640,13.23333333
640,8.6
640,6.3
640,1.433333333
641,17.93333333
641,12.83333333
641,10.33333333
641,4.933333333
642,20.8
642,15.63333333
642,13.1
642,8.166666667
643,21.16666667
643,16.76666667
643,14.56666667
643,9.966666667
644,21.46666667
644,16.93333333
644,14.83333333
644,10.36666667
645,18
645,13.36666667
645,11.03333333
645,6.733333333
646,9.933333333
646,6.233333333
646,4.2
646,-0.2
647,5.5
647,2.366666667
647,0.633333333
647,-3.9
648,2.4
648,-0.966666667
648,-2.8
648,-8
649,1.233333333
649,-2.6
649,-4.9
649,-10.6
650,4.733333333
650,0.633333333
650,-1.8
650,-7.3
651,10.16666667
651,6
651,3.8
651,-1.433333333
652,11
652,6.366666667
652,4.2
652,-1.166666667
653,14.5
653,9.5
653,7.133333333
653,2.266666667
654,20.5
654,15.53333333
654,13
654,8.166666667
655,21.46666667
655,16.9
655,14.63333333
655,10.1
656,20.96666667
656,16.43333333
656,14.2
656,10.06666667
657,17.93333333
657,13.13333333
657,10.63333333
657,6.133333333
658,11.8
658,7.766666667
658,5.6
658,0.933333333
659,6.133333333
659,2.866666667
659,1.133333333
659,-3.4
660,3.233333333
660,0.433333333
660,-1.366666667
660,-5.833333333
661,1.4
661,-2.6
661,-4.8
661,-10.2
662,3.7
662,-0.333333333
662,-2.666666667
662,-7.933333333
663,7.8
663,3.5
663,1.2
663,-3.666666667
664,13.23333333
664,8.733333333
664,6.4
664,1.433333333
665,19.76666667
665,14.83333333
665,12.23333333
665,6.933333333
666,20.2
666,15.2
666,12.7
666,7.766666667
667,21.16666667
667,16.76666667
667,14.7
667,10.13333333
668,20.36666667
668,15.9
668,13.8
668,9.766666667
669,18.6
669,13.8
669,11.5
669,7
670,11.5
670,7.5
670,5.433333333
670,1.033333333
671,5.266666667
671,2.1
671,0.366666667
671,-4.133333333
672,2.833333333
672,0.033333333
672,-1.8
672,-6.6
673,1.2
673,-2.1
673,-4.033333333
673,-9.033333333
674,1.6
674,-2.433333333
674,-4.966666667
674,-10.56666667
675,6.766666667
675,2.4
675,0.133333333
675,-4.633333333
676,10.73333333
676,6.166666667
676,3.933333333
676,-0.9
677,14.3
677,9.366666667
677,6.966666667
677,2.066666667
678,19.06666667
678,14.16666667
678,11.76666667
678,7
679,21.9
679,17.26666667
679,14.96666667
679,10.4
680,20.3
680,15.73333333
680,13.53333333
680,9.066666667
681,17.4
681,12.56666667
681,10.13333333
681,5.333333333
682,11.26666667
682,7.266666667
682,5.2
682,0.633333333
683,5.6
683,2.5
683,0.9
683,-3.6
684,1.866666667
684,-0.866666667
684,-2.666666667
684,-7.066666667
685,3.8
685,0
685,-2.133333333
685,-7.5
686,3.1
686,-1.166666667
686,-3.633333333
686,-8.933333333
687,8.9
687,4.2
687,1.766666667
687,-3.433333333
688,14.96666667
688,10.3
688,7.866666667
688,2.7
689,16.36666667
689,11.13333333
689,8.566666667
689,3.133333333
690,20
690,15
690,12.56666667
690,7.566666667
691,22.2
691,17.6
691,15.26666667
691,10.56666667
692,20.96666667
692,16.43333333
692,14.16666667
692,9.566666667
693,17.63333333
693,12.86666667
693,10.43333333
693,5.833333333
694,12.16666667
694,8.1
694,5.9
694,1.2
695,6.366666667
695,3.333333333
695,1.6
695,-2.966666667
696,4.066666667
696,1.4
696,-0.3
696,-4.9
697,0.733333333
697,-2.4
697,-4.566666667
697,-9.833333333
698,2.033333333
698,-1.9
698,-4.2
698,-9.5
699,8.666666667
699,4.266666667
699,1.766666667
699,-3.333333333
700,12.73333333
700,7.966666667
700,5.5
700,0.366666667
701,16.66666667
701,11.43333333
701,8.8
701,3.366666667
702,20.86666667
702,15.7
702,13.2
702,8.1
703,20.73333333
703,16.3
703,14.03333333
703,9.5
704,21.33333333
704,16.93333333
704,14.66666667
704,10.2
705,18.23333333
705,13.6
705,11.36666667
705,6.733333333
706,13.6
706,9.533333333
706,7.3
706,2.6
707,5.733333333
707,2.666666667
707,0.933333333
707,-3.6
708,2.566666667
708,-0.1
708,-1.833333333
708,-6.566666667
709,1.4
709,-2.366666667
709,-4.4
709,-9.7
710,6.433333333
710,2.333333333
710,0.1
710,-5.433333333
711,7
711,2.666666667
711,0.433333333
711,-4.633333333
712,11.26666667
712,6.666666667
712,4.333333333
712,-0.8
713,16.73333333
713,11.76666667
713,9.066666667
713,3.666666667
714,20.4
714,15.33333333
714,12.9
714,7.8
715,21.63333333
715,17.1
715,14.86666667
715,10.33333333
716,21.8
716,17.06666667
716,14.9
716,10.36666667
717,18.1
717,13.3
717,10.86666667
717,6.3
718,11.86666667
718,7.9
718,5.733333333
718,1.066666667
719,5.6
719,2.233333333
719,0.533333333
719,-4.1
720,2.066666667
720,-1.366666667
720,-3.333333333
720,-7.966666667
721,2.466666667
721,-0.9
721,-3
721,-8.533333333
722,2.033333333
722,-2.133333333
722,-4.466666667
722,-10.03333333
723,8.333333333
723,3.7
723,1.3
723,-4.133333333
724,12.53333333
724,8.133333333
724,5.733333333
724,0.566666667
725,16.7
725,11.96666667
725,9.366666667
725,3.966666667
726,20.2
726,15.33333333
726,12.86666667
726,7.833333333
727,21.43333333
727,17
727,14.8
727,10.16666667
728,20.73333333
728,16.16666667
728,13.8
728,9.166666667
729,18.8
729,14.1
729,11.63333333
729,6.966666667
730,12.1
730,8.066666667
730,5.9
730,0.9
731,4.833333333
731,1.733333333
731,-0.266666667
731,-5.133333333
732,1.066666667
732,-1.733333333
732,-3.5
732,-8.3
733,1.266666667
733,-2.1
733,-4.266666667
733,-9.7
734,4.533333333
734,0.433333333
734,-1.9
734,-7.466666667
735,7.9
735,3.7
735,1.4
735,-4
736,13.46666667
736,9
736,6.566666667
736,1.333333333
737,16.36666667
737,11.3
737,8.766666667
737,3.466666667
738,20
738,14.96666667
738,12.56666667
738,7.4
739,21.8
739,17.26666667
739,15
739,10.36666667
740,21.1
740,16.6
740,14.46666667
740,9.866666667
741,17.06666667
741,12.46666667
741,9.833333333
741,5.2
742,11.73333333
742,7.7
742,5.633333333
742,1.166666667
743,5.6
743,2.533333333
743,0.933333333
743,-3.9
744,1.866666667
744,-0.833333333
744,-2.666666667
744,-7.833333333
745,1.533333333
745,-2
745,-4
745,-9.6
746,5.366666667
746,1.333333333
746,-0.9
746,-6.366666667
747,7.8
747,3.5
747,1.3
747,-3.733333333
748,12.06666667
748,7.766666667
748,5.566666667
748,0.433333333
749,14.66666667
749,9.666666667
749,7.333333333
749,2.033333333
750,20.93333333
750,15.93333333
750,13.46666667
750,8.5
751,22.26666667
751,17.4
751,15.1
751,10.53333333
752,21.1
752,16.5
752,14.06666667
752,9.733333333
753,17.46666667
753,12.6
753,10.13333333
753,5.433333333
754,13.06666667
754,9.066666667
754,6.866666667
754,2.466666667
755,6.633333333
755,3.2
755,1.266666667
755,-3.366666667
756,1.933333333
756,-0.7
756,-2.266666667
756,-6.933333333
757,-0.233333333
757,-3.533333333
757,-5.4
757,-10.83333333
758,2.766666667
758,-1.133333333
758,-3.633333333
758,-9.266666667
759,9.133333333
759,4.8
759,2.133333333
759,-3.1
760,13.16666667
760,8.4
760,5.733333333
760,0.733333333
761,15.23333333
761,10.3
761,7.533333333
761,2.333333333
762,19.43333333
762,14.4
762,12
762,7
763,20.66666667
763,15.93333333
763,13.73333333
763,9.233333333
764,20.8
764,16.26666667
764,13.93333333
764,9.533333333
765,18.13333333
765,13.23333333
765,10.76666667
765,6.133333333
766,11.43333333
766,7.3
766,5.066666667
766,0.566666667
767,4.533333333
767,1.466666667
767,-0.366666667
767,-5
768,1.833333333
768,-0.9
768,-2.7
768,-7.5
769,2.6
769,-0.666666667
769,-2.766666667
769,-8.1
770,3.366666667
770,-0.8
770,-3.066666667
770,-8.8
771,7.633333333
771,3.266666667
771,0.466666667
771,-4.666666667
772,9.8
772,5.133333333
772,2.766666667
772,-2.333333333
773,14.73333333
773,9.8
773,7.5
773,2.166666667
774,19.96666667
774,15
774,12.53333333
774,7.633333333
775,20.5
775,15.9
775,13.66666667
775,9.1
776,19.53333333
776,14.93333333
776,12.73333333
776,8.466666667
777,17.06666667
777,12.23333333
777,9.666666667
777,5.033333333
778,12.66666667
778,8.566666667
778,6.433333333
778,1.733333333
779,7.033333333
779,3.9
779,2.033333333
779,-2.466666667
780,1
780,-1.8
780,-3.7
780,-8.5
781,2.1
781,-1.333333333
781,-3.3
781,-8.4
782,5.833333333
782,1.866666667
782,-0.3
782,-5.5
783,7.866666667
783,3.566666667
783,1.166666667
783,-3.833333333
784,11.56666667
784,6.966666667
784,4.5
784,-0.633333333
785,15.93333333
785,11.06666667
785,8.533333333
785,3.333333333
786,19.93333333
786,15.03333333
786,12.7
786,7.766666667
787,20.6
787,15.9
787,13.76666667
787,9.3
788,21.1
788,16.6
788,14.36666667
788,10.13333333
789,16.36666667
789,11.73333333
789,9.4
789,5.033333333
790,11.16666667
790,7.266666667
790,5.3
790,1.033333333
791,4.566666667
791,1.466666667
791,-0.233333333
791,-4.666666667
792,1
792,-1.633333333
792,-3.3
792,-7.633333333
793,0.4
793,-2.933333333
793,-4.966666667
793,-10.2
794,5.033333333
794,1
794,-1.233333333
794,-6.433333333
795,6.6
795,2.333333333
795,-0.066666667
795,-5.066666667
796,11.23333333
796,6.866666667
796,4.533333333
796,-0.433333333
797,15.03333333
797,10.26666667
797,7.766666667
797,2.733333333
798,20.2
798,15.33333333
798,12.86666667
798,8.033333333
799,21.36666667
799,16.9
799,14.83333333
799,10.3
800,20.4
800,16
800,13.8
800,9.4
801,17.6
801,12.96666667
801,10.63333333
801,6.266666667
802,10.63333333
802,6.7
802,4.6
802,0.166666667
803,5.466666667
803,2.466666667
803,0.866666667
803,-3.566666667
804,1.966666667
804,-0.666666667
804,-2.2
804,-6.933333333
805,-0.366666667
805,-3.8
805,-5.833333333
805,-11.16666667
806,0.733333333
806,-3.333333333
806,-5.666666667
806,-10.86666667
807,7.866666667
807,3.7
807,1.5
807,-3.566666667
808,12.73333333
808,8.166666667
808,5.833333333
808,0.766666667
809,14.73333333
809,9.833333333
809,7.5
809,2.333333333
810,20.3
810,15.33333333
810,12.86666667
810,7.933333333
811,21.13333333
811,16.66666667
811,14.6
811,10.1
812,20.46666667
812,16.06666667
812,13.83333333
812,9.366666667
813,17.76666667
813,13.13333333
813,10.83333333
813,6.4
814,10.8
814,6.833333333
814,4.766666667
814,0.3
815,5.266666667
815,2.166666667
815,0.633333333
815,-3.766666667
816,1.966666667
816,-0.866666667
816,-2.866666667
816,-7.533333333
817,1.233333333
817,-2.233333333
817,-4.1
817,-9.366666667
818,3.266666667
818,-0.966666667
818,-3.166666667
818,-8.566666667
819,10.16666667
819,5.966666667
819,3.533333333
819,-1.4
820,12.4
820,7.866666667
820,5.1
820,0.166666667
821,15.03333333
821,10.06666667
821,7.6
821,2.3
822,20.1
822,15.1
822,12.56666667
822,7.533333333
823,21.4
823,16.6
823,14.53333333
823,10.06666667
824,21.06666667
824,16.66666667
824,14.53333333
824,10.26666667
825,17.53333333
825,12.7
825,10.2
825,5.633333333
826,12.86666667
826,8.9
826,6.666666667
826,2.133333333
827,6.7
827,3.566666667
827,1.933333333
827,-2.4
828,2.8
828,0.133333333
828,-1.566666667
828,-6.1
829,2.133333333
829,-1.033333333
829,-2.733333333
829,-7.8
830,3.5
830,-0.266666667
830,-2.5
830,-7.6
831,7.733333333
831,3.533333333
831,1.466666667
831,-3.6
832,14.23333333
832,9.8
832,7.5
832,2.633333333
833,17.86666667
833,12.9
833,10.3
833,5.033333333
834,19.93333333
834,15
834,12.63333333
834,7.666666667
835,21
835,16.36666667
835,14.16666667
835,9.7
836,20.8
836,16.43333333
836,14.36666667
836,9.933333333
837,18.1
837,13.5
837,11.16666667
837,6.566666667
838,12.43333333
838,8.633333333
838,6.566666667
838,2.133333333
839,5.166666667
839,2.033333333
839,0.433333333
839,-4.033333333
840,2.5
840,-0.166666667
840,-1.8
840,-6.266666667
841,0.733333333
841,-2.466666667
841,-4.166666667
841,-9.4
842,3.466666667
842,-0.066666667
842,-2.2
842,-7.5
843,8.066666667
843,4
843,1.9
843,-3.166666667
844,14.06666667
844,9.6
844,7.5
844,2.566666667
845,17.8
845,12.93333333
845,10.16666667
845,4.966666667
846,20.06666667
846,15.46666667
846,13.13333333
846,8.266666667
847,21.16666667
847,16.7
847,14.6
847,9.933333333
848,20.5
848,16.2
848,14.13333333
848,9.833333333
849,16.53333333
849,11.86666667
849,9.566666667
849,5.266666667
850,11.26666667
850,7.266666667
850,5.533333333
850,1.1
851,6.366666667
851,3.2
851,1.533333333
851,-2.933333333
852,2.766666667
852,0.266666667
852,-0.933333333
852,-5.4
853,2.1
853,-1.133333333
853,-2.433333333
853,-7.433333333
854,0.766666667
854,-3.133333333
854,-5.6
854,-10.8
855,7.966666667
855,3.766666667
855,1.3
855,-3.6
856,11.5
856,6.966666667
856,4.633333333
856,-0.366666667
857,15.96666667
857,11.16666667
857,8.7
857,3.666666667
858,19.83333333
858,14.96666667
858,12.4
858,7.433333333
859,20.43333333
859,15.76666667
859,13.56666667
859,9.066666667
860,20.13333333
860,15.7
860,13.56666667
860,9.433333333
861,16.4
861,11.8
861,9.366666667
861,4.9
862,10.6
862,6.633333333
862,4.7
862,0.1
863,6.6
863,3.466666667
863,1.533333333
863,-2.966666667
864,2.566666667
864,0.2
864,-1.566666667
864,-6.4
865,1.166666667
865,-1.9
865,-4.133333333
865,-9.433333333
866,3.833333333
866,-0.133333333
866,-2.533333333
866,-7.8
867,7.266666667
867,2.966666667
867,0.4
867,-4.533333333
868,13.26666667
868,8.8
868,6.366666667
868,1.3
869,16.9
869,12.03333333
869,9.433333333
869,4.133333333
870,21.06666667
870,16.13333333
870,13.83333333
870,8.866666667
871,20.9
871,16.76666667
871,14.73333333
871,10.36666667
872,19.96666667
872,15.73333333
872,13.63333333
872,9.5
873,18.23333333
873,13.56666667
873,11.2
873,6.8
874,11.33333333
874,7.333333333
874,5.2
874,0.633333333
875,5.633333333
875,2.466666667
875,0.666666667
875,-3.8
876,1.233333333
876,-1.4
876,-3.233333333
876,-7.933333333
877,1.666666667
877,-1.633333333
877,-3.566666667
877,-8.733333333
878,2
878,-2.3
878,-4.866666667
878,-10.43333333
879,9.7
879,5.366666667
879,3.066666667
879,-2.366666667
880,13.83333333
880,9.4
880,7.033333333
880,2.133333333
881,16.46666667
881,11.7
881,9.133333333
881,3.966666667
882,18.83333333
882,14.03333333
882,11.6
882,6.766666667
883,20.93333333
883,16.33333333
883,14.23333333
883,9.766666667
884,20.83333333
884,16.16666667
884,14
884,9.6
885,17.06666667
885,12.4
885,10.06666667
885,5.8
886,10.53333333
886,6.633333333
886,4.5
886,-0.033333333
887,4.7
887,1.666666667
887,0.033333333
887,-4.3
888,0.766666667
888,-2.066666667
888,-4
888,-8.8
889,0.3
889,-3.466666667
889,-5.866666667
889,-11.63333333
890,1.1
890,-2.9
890,-5.233333333
890,-10.26666667
891,6.166666667
891,1.833333333
891,-0.533333333
891,-5.4
892,12.16666667
892,7.7
892,5.5
892,0.766666667
893,16.16666667
893,11.13333333
893,8.633333333
893,3.5
894,19.13333333
894,14.2
894,11.8
894,7
895,19.5
895,15.13333333
895,13.03333333
895,8.6
896,20.43333333
896,16.03333333
896,14.03333333
896,9.7
897,17.53333333
897,12.8
897,10.4
897,5.966666667
898,12.03333333
898,8.066666667
898,6
898,1.566666667
899,4.3
899,1.2
899,-0.5
899,-4.7
900,2.333333333
900,-0.433333333
900,-2.233333333
900,-7.333333333
901,2
901,-1.433333333
901,-3.666666667
901,-8.9
902,3.2
902,-0.9
902,-3.233333333
902,-8.7
903,6.833333333
903,2.533333333
903,0.1
903,-4.766666667
904,11.9
904,7.333333333
904,5.066666667
904,0.066666667
905,16.36666667
905,11.46666667
905,9.033333333
905,4.033333333
906,18.93333333
906,13.93333333
906,11.5
906,6.633333333
907,21.33333333
907,17.06666667
907,14.96666667
907,10.56666667
908,19.13333333
908,14.93333333
908,12.83333333
908,8.433333333
909,16.53333333
909,11.86666667
909,9.7
909,5.666666667
910,12.06666667
910,8.066666667
910,6.166666667
910,1.933333333
911,6.033333333
911,2.9
911,1.133333333
911,-3.7
912,2.133333333
912,-0.5
912,-1.933333333
912,-6.6
913,1.433333333
913,-1.8
913,-3.9
913,-9.3
914,2.466666667
914,-1.533333333
914,-3.866666667
914,-9.266666667
915,9.633333333
915,5.433333333
915,3.333333333
915,-1.8
916,12.83333333
916,8.466666667
916,6.5
916,1.466666667
917,15.3
917,10.43333333
917,8
917,2.733333333
918,19.66666667
918,14.73333333
918,12.5
918,7.4
919,21.53333333
919,17.03333333
919,14.9
919,10.26666667
920,20.36666667
920,15.9
920,13.73333333
920,9.3
921,17.43333333
921,12.83333333
921,10.46666667
921,5.966666667
922,13.06666667
922,8.966666667
922,6.966666667
922,2.666666667
923,7.6
923,4.266666667
923,2.6
923,-1.566666667
924,3.4
924,0.333333333
924,-1.566666667
924,-5.9
925,0.533333333
925,-2.833333333
925,-5.233333333
925,-10.33333333
926,3.233333333
926,-0.933333333
926,-3.3
926,-9.333333333
927,6.333333333
927,2.066666667
927,-0.366666667
927,-5.233333333
928,12.5
928,8.1
928,5.7
928,0.733333333
929,18.63333333
929,13.76666667
929,11.2
929,6
930,21.13333333
930,16.23333333
930,13.83333333
930,8.9
931,20.46666667
931,16.23333333
931,14.16666667
931,9.8
932,20.86666667
932,16.5
932,14.5
932,10.13333333
933,17.5
933,12.8
933,10.36666667
933,5.8
934,11.96666667
934,8
934,5.933333333
934,1.566666667
935,5.733333333
935,2.8
935,0.933333333
935,-3.666666667
936,2.8
936,0.2
936,-1.733333333
936,-6.433333333
937,1.7
937,-1.3
937,-3.266666667
937,-8.466666667
938,3.2
938,-0.8
938,-3.033333333
938,-8
939,6.466666667
939,2.233333333
939,0.066666667
939,-5.066666667
940,14.43333333
940,9.9
940,7.633333333
940,2.566666667
941,14.7
941,9.8
941,7.233333333
941,2.166666667
942,19.86666667
942,14.9
942,12.5
942,7.6
943,21.36666667
943,17
943,14.86666667
943,10.23333333
944,20.46666667
944,16.2
944,14.23333333
944,10.03333333
945,16.4
945,11.9
945,9.633333333
945,5.233333333
946,12.06666667
946,8.133333333
946,6.2
946,1.533333333
947,6.333333333
947,3.133333333
947,1.2
947,-3.4
948,2.866666667
948,0.5
948,-1.3
948,-6
949,1.366666667
949,-1.733333333
949,-3.5
949,-8.533333333
950,3.633333333
950,-0.133333333
950,-2.433333333
950,-7.7
951,6.766666667
951,2.633333333
951,0.266666667
951,-4.733333333
952,13.96666667
952,9.433333333
952,7.166666667
952,2.133333333
953,18.3
953,12.96666667
953,10.4
953,5.366666667
954,20.46666667
954,15.63333333
954,13.2
954,8.066666667
955,21.4
955,17.06666667
955,14.9
955,10.26666667
956,20.4
956,15.96666667
956,13.8
956,9.5
957,17
957,12.33333333
957,9.933333333
957,5.366666667
958,11.96666667
958,8.033333333
958,5.9
958,1.333333333
959,5.966666667
959,2.966666667
959,1.2
959,-3.2
960,2.533333333
960,-0.133333333
960,-1.733333333
960,-6.233333333
961,2.1
961,-1.1
961,-2.966666667
961,-8.2
962,3.933333333
962,0.066666667
962,-2.3
962,-7.633333333
963,7.366666667
963,3.133333333
963,1.033333333
963,-4.133333333
964,13.06666667
964,8.566666667
964,6.3
964,1.3
965,17.36666667
965,12.5
965,10.23333333
965,4.966666667
966,19.96666667
966,14.96666667
966,12.46666667
966,7.5
967,20.83333333
967,16.43333333
967,14.33333333
967,9.8
968,20.46666667
968,16.03333333
968,13.8
968,9.5
969,17.06666667
969,12.3
969,9.9
969,5.233333333
970,10.66666667
970,6.733333333
970,4.566666667
970,0.2
971,5.133333333
971,2.133333333
971,0.433333333
971,-4.1
972,1.966666667
972,-0.6
972,-2.4
972,-7.1
973,2.166666667
973,-1.233333333
973,-3.266666667
973,-8.6
974,1.233333333
974,-2.8
974,-5.233333333
974,-10.4
975,5.433333333
975,1.133333333
975,-0.933333333
975,-5.966666667
976,11.96666667
976,7.566666667
976,5.566666667
976,0.5
977,14.5
977,9.666666667
977,7.6
977,2.233333333
978,19.56666667
978,14.7
978,12.3
978,7.4
979,21.36666667
979,16.76666667
979,14.6
979,10.13333333
980,20.6
980,16.2
980,14.16666667
980,9.866666667
981,16.63333333
981,11.96666667
981,9.666666667
981,5.333333333
982,11.86666667
982,7.866666667
982,5.633333333
982,1.166666667
983,6
983,3.066666667
983,1.5
983,-2.766666667
984,2.333333333
984,-0.5
984,-2.6
984,-7.166666667
985,1.466666667
985,-1.833333333
985,-3.933333333
985,-9.1
986,2.4
986,-1.733333333
986,-4
986,-9.233333333
987,5.8
987,1.466666667
987,-0.833333333
987,-5.833333333
988,9.966666667
988,5.533333333
988,3.633333333
988,-1.4
989,15.26666667
989,10.26666667
989,8.033333333
989,2.633333333
990,18.93333333
990,14
990,11.4
990,6.366666667
991,20.46666667
991,15.66666667
991,13.56666667
991,9.066666667
992,20.5
992,16.16666667
992,14.4
992,10.06666667
993,18
993,13.16666667
993,10.9
993,6.433333333
994,11.03333333
994,7.066666667
994,5.133333333
994,0.666666667
995,5.7
995,2.666666667
995,1.033333333
995,-3.533333333
996,2.5
996,-0.133333333
996,-1.666666667
996,-6.3
997,1.066666667
997,-2.033333333
997,-3.566666667
997,-8.733333333
998,1.933333333
998,-1.966666667
998,-4.133333333
998,-9.5
999,9.566666667
999,5.1
999,2.833333333
999,-2.4
1000,12.8
1000,8.233333333
1000,5.933333333
1000,0.9
1001,18.4
1001,13.13333333
1001,10.66666667
1001,5.233333333
1002,21.46666667
1002,16.53333333
1002,14.16666667
1002,8.933333333
1003,20.53333333
1003,16.23333333
1003,14.16666667
1003,9.6
1004,20.36666667
1004,15.96666667
1004,13.8
1004,9.633333333
1005,16.1
1005,11.43333333
1005,9.066666667
1005,4.633333333
1006,10.53333333
1006,6.666666667
1006,4.666666667
1006,0
1007,5.5
1007,2.4
1007,0.9
1007,-3.666666667
1008,2.6
1008,-0.266666667
1008,-2.233333333
1008,-6.833333333
1009,1.366666667
1009,-1.866666667
1009,-4.066666667
1009,-9.3
1010,4.3
1010,-0.033333333
1010,-2.166666667
1010,-7.366666667
1011,9.866666667
1011,5.633333333
1011,3.566666667
1011,-1.366666667
1012,12.66666667
1012,8.2
1012,6.133333333
1012,1.033333333
1013,16.66666667
1013,11.76666667
1013,9.366666667
1013,4.1
1014,19.73333333
1014,14.8
1014,12.3
1014,7.233333333
1015,20.83333333
1015,16.46666667
1015,14.46666667
1015,9.966666667
1016,20.66666667
1016,16.23333333
1016,14.4
1016,10.06666667
1017,17.6
1017,12.93333333
1017,10.56666667
1017,5.833333333
1018,10.86666667
1018,6.866666667
1018,4.9
1018,0.233333333
1019,6.066666667
1019,2.933333333
1019,1.1
1019,-3.566666667
1020,3
1020,0.333333333
1020,-1.433333333
1020,-6.133333333
1021,-0.2
1021,-3.533333333
1021,-5.433333333
1021,-10.33333333
1022,3
1022,-0.9
1022,-3.133333333
1022,-8.366666667
1023,6.633333333
1023,2.3
1023,0.133333333
1023,-4.866666667
1024,11.93333333
1024,7.333333333
1024,5
1024,-0.066666667
1025,14.83333333
1025,9.866666667
1025,7.5
1025,2.2
1026,19.43333333
1026,14.46666667
1026,12.03333333
1026,7.066666667
1027,20.4
1027,16.16666667
1027,14.13333333
1027,9.633333333
1028,20
1028,15.56666667
1028,13.56666667
1028,9.2
1029,16.8
1029,12.16666667
1029,9.9
1029,5.266666667
1030,12
1030,8.033333333
1030,5.9
1030,1.266666667
1031,6.433333333
1031,3.4
1031,1.8
1031,-2.833333333
1032,1.4
1032,-1.3
1032,-3.066666667
1032,-7.233333333
1033,2.133333333
1033,-1.933333333
1033,-3.8
1033,-8.866666667
1034,4.766666667
1034,0.6
1034,-1.633333333
1034,-6.966666667
1035,8.266666667
1035,4.033333333
1035,2
1035,-3.133333333
1036,13.03333333
1036,8.466666667
1036,5.933333333
1036,0.833333333
1037,13.5
1037,8.566666667
1037,6.3
1037,0.966666667
1038,18.83333333
1038,13.86666667
1038,11.43333333
1038,6.433333333
1039,21.66666667
1039,16.76666667
1039,14.66666667
1039,10
1040,21
1040,16.56666667
1040,14.23333333
1040,9.7
1041,18.46666667
1041,13.53333333
1041,11.26666667
1041,6.766666667
1042,12.4
1042,8.333333333
1042,6.233333333
1042,1.8
1043,6.433333333
1043,3.333333333
1043,1.8
1043,-2.666666667
1044,3.033333333
1044,0.533333333
1044,-0.966666667
1044,-5.733333333
1045,3.366666667
1045,0.066666667
1045,-2.133333333
1045,-7.4
1046,5.166666667
1046,1
1046,-1.266666667
1046,-6.666666667
1047,7.7
1047,3.466666667
1047,1.2
1047,-3.733333333
1048,14.23333333
1048,9.633333333
1048,7
1048,1.9
1049,18.33333333
1049,13.4
1049,10.73333333
1049,5.4
1050,19.66666667
1050,14.9
1050,12.5
1050,7.4
1051,21.36666667
1051,16.86666667
1051,14.76666667
1051,10.13333333
1052,20
1052,15.5
1052,13.4
1052,8.966666667
1053,17.5
1053,12.76666667
1053,10.5
1053,5.933333333
1054,11.5
1054,7.6
1054,5.533333333
1054,1.133333333
1055,6.333333333
1055,3.366666667
1055,1.466666667
1055,-3.233333333
1056,3.233333333
1056,0.666666667
1056,-1
1056,-5.733333333
1057,0.8
1057,-2.733333333
1057,-5.133333333
1057,-9.933333333
1058,2.6
1058,-1.6
1058,-4
1058,-9.4
1059,7.233333333
1059,2.933333333
1059,0.9
1059,-4.066666667
1060,11.06666667
1060,6.466666667
1060,3.966666667
1060,-1.1
1061,16.03333333
1061,11.1
1061,8.666666667
1061,3.533333333
1062,19.03333333
1062,14.06666667
1062,11.66666667
1062,6.633333333
1063,20.26666667
1063,15.73333333
1063,13.76666667
1063,9.266666667
1064,19.3
1064,14.83333333
1064,12.8
1064,8.266666667
1065,17.03333333
1065,12.23333333
1065,9.8
1065,4.966666667
1066,11.66666667
1066,7.733333333
1066,5.633333333
1066,0.966666667
1067,5.966666667
1067,2.633333333
1067,0.966666667
1067,-3.6
1068,3.133333333
1068,0.466666667
1068,-1.333333333
1068,-6.166666667
1069,3.933333333
1069,0.733333333
1069,-1.133333333
1069,-6.366666667
1070,3.966666667
1070,0.033333333
1070,-2.233333333
1070,-7.4
1071,6.566666667
1071,2.3
1071,0.033333333
1071,-5.033333333
1072,12
1072,7.466666667
1072,5.2
1072,0.133333333
1073,18.3
1073,13.33333333
1073,10.86666667
1073,5.2
1074,20.4
1074,15.4
1074,12.96666667
1074,7.833333333
1075,21.3
1075,16.86666667
1075,14.63333333
1075,9.633333333
1076,20.46666667
1076,16
1076,13.83333333
1076,9.333333333
1077,18.3
1077,13.5
1077,10.96666667
1077,6.066666667
1078,11.16666667
1078,7.1
1078,4.9
1078,0.166666667
1079,6.533333333
1079,3.3
1079,1.433333333
1079,-3.333333333
1080,2.833333333
1080,0.1
1080,-1.633333333
1080,-6.4
1081,0.833333333
1081,-2.5
1081,-4.466666667
1081,-9.433333333
1082,2.966666667
1082,-0.966666667
1082,-3.166666667
1082,-8.4
1083,7.433333333
1083,3.2
1083,0.8
1083,-4.266666667
1084,11.13333333
1084,6.6
1084,4.333333333
1084,-0.733333333
1085,15.06666667
1085,10.1
1085,7.566666667
1085,2.366666667
1086,19.7
1086,14.73333333
1086,12.36666667
1086,7.266666667
1087,21.83333333
1087,17.33333333
1087,15.23333333
1087,10.36666667
1088,20.36666667
1088,15.93333333
1088,13.7
1088,8.9
1089,17.63333333
1089,12.83333333
1089,10.36666667
1089,5.6
1090,10.8
1090,6.866666667
1090,4.733333333
1090,0.066666667
1091,5.633333333
1091,2.4
1091,0.566666667
1091,-4.2
1092,3.766666667
1092,1.1
1092,-0.6
1092,-5.066666667
1093,2.3
1093,-0.933333333
1093,-2.9
1093,-8.333333333
1094,2.766666667
1094,-1.233333333
1094,-3.566666667
1094,-8.6
1095,7.266666667
1095,3.2
1095,0.833333333
1095,-4.3
1096,11
1096,6.733333333
1096,4.5
1096,-0.333333333
1097,14.9
1097,9.933333333
1097,7.433333333
1097,2.2
1098,19.36666667
1098,14.3
1098,11.9
1098,6.8
1099,20.43333333
1099,15.86666667
1099,13.8
1099,9.2
1100,19.86666667
1100,15.56666667
1100,13.3
1100,8.833333333
1101,16.4
1101,11.8
1101,9.433333333
1101,4.9
1102,11.53333333
1102,7.533333333
1102,5.366666667
1102,0.7
1103,5.766666667
1103,2.633333333
1103,0.733333333
1103,-3.966666667
1104,3.633333333
1104,1.033333333
1104,-0.966666667
1104,-5.566666667
1105,0.5
1105,-2.733333333
1105,-4.833333333
1105,-10.1
1106,5.833333333
1106,1.866666667
1106,-0.366666667
1106,-5.633333333
1107,6.266666667
1107,2.033333333
1107,-0.133333333
1107,-4.966666667
1108,12.4
1108,7.966666667
1108,5.6
1108,0.666666667
1109,17.76666667
1109,12.93333333
1109,10.16666667
1109,4.466666667
1110,19.8
1110,14.86666667
1110,12.3
1110,7.133333333
1111,20.16666667
1111,15.73333333
1111,13.46666667
1111,8.533333333
1112,20.9
1112,16.46666667
1112,14.06666667
1112,9.233333333
1113,17.4
1113,12.53333333
1113,10
1113,5.133333333
1114,11.5
1114,7.5
1114,5.233333333
1114,0.466666667
1115,7
1115,3.966666667
1115,2.2
1115,-2.5
1116,3.333333333
1116,0.733333333
1116,-0.933333333
1116,-5.466666667
1117,2.6
1117,-0.733333333
1117,-2.8
1117,-8.033333333
1118,3
1118,-1.133333333
1118,-3.333333333
1118,-8.566666667
1119,9.166666667
1119,4.866666667
1119,2.266666667
1119,-3.233333333
1120,11.36666667
1120,6.8
1120,4.433333333
1120,-0.8
1121,16.76666667
1121,11.8
1121,9.133333333
1121,3.766666667
1122,20.33333333
1122,15.36666667
1122,12.86666667
1122,7.766666667
1123,20.76666667
1123,16.26666667
1123,14.2
1123,9.666666667
1124,20.36666667
1124,15.93333333
1124,13.83333333
1124,9.433333333
1125,16.2
1125,11.53333333
1125,9.166666667
1125,4.633333333
1126,10.53333333
1126,6.566666667
1126,4.466666667
1126,-0.066666667
1127,6.3
1127,3.4
1127,1.533333333
1127,-3
1128,2.966666667
1128,0.3
1128,-1.433333333
1128,-5.8
1129,0.833333333
1129,-2.633333333
1129,-4.766666667
1129,-9.8
1130,3.433333333
1130,-0.7
1130,-2.866666667
1130,-8.033333333
1131,7
1131,2.8
1131,0.433333333
1131,-4.6
1132,10.7
1132,6.166666667
1132,3.833333333
1132,-1.266666667
1133,16.66666667
1133,11.83333333
1133,9.266666667
1133,4.1
1134,20.5
1134,15.56666667
1134,13.2
1134,8.266666667
1135,20.96666667
1135,16.5
1135,14.3
1135,9.6
1136,19.83333333
1136,15.33333333
1136,13.3
1136,8.833333333
1137,17.13333333
1137,12.4
1137,9.933333333
1137,5.3
1138,12.1
1138,8.1
1138,6
1138,1.433333333
1139,5.933333333
1139,2.766666667
1139,0.9
1139,-3.8
1140,2.266666667
1140,-0.5
1140,-2.3
1140,-7.166666667
1141,1.5
1141,-1.866666667
1141,-4
1141,-9.466666667
1142,4.533333333
1142,0.533333333
1142,-1.933333333
1142,-7.533333333
1143,9
1143,4.7
1143,2.233333333
1143,-3.033333333
1144,13.33333333
1144,8.733333333
1144,6.3
1144,1
1145,15.3
1145,10.36666667
1145,7.8
1145,2.566666667
1146,18.7
1146,13.9
1146,11.4
1146,6.333333333
1147,21
1147,16.5
1147,14.16666667
1147,9.2
1148,19.66666667
1148,15.3
1148,13.23333333
1148,8.8
1149,17.76666667
1149,13
1149,10.63333333
1149,5.966666667
1150,10.86666667
1150,6.833333333
1150,4.666666667
1150,0
1151,5.4
1151,2.266666667
1151,0.466666667
1151,-4.033333333
1152,1.666666667
1152,-1.033333333
1152,-2.8
1152,-7.466666667
1153,0.466666667
1153,-2.866666667
1153,-4.633333333
1153,-9.4
1154,2.9
1154,-1.333333333
1154,-3.633333333
1154,-8.933333333
1155,7.333333333
1155,3.166666667
1155,0.9
1155,-4.133333333
1156,10.9
1156,6.4
1156,4.166666667
1156,-0.6
1157,13.9
1157,8.933333333
1157,6.566666667
1157,1.4
1158,18.6
1158,13.8
1158,11.43333333
1158,6.533333333
1159,21.23333333
1159,16.73333333
1159,14.56666667
1159,10
1160,19.5
1160,15
1160,12.83333333
1160,8.233333333
1161,17.6
1161,12.9
1161,10.46666667
1161,5.7
1162,9.2
1162,5.133333333
1162,3.033333333
1162,-1.2
1163,5.333333333
1163,2.033333333
1163,0.266666667
1163,-4.3
1164,1.533333333
1164,-1.066666667
1164,-2.866666667
1164,-7.8
1165,1.433333333
1165,-1.966666667
1165,-4.033333333
1165,-9.033333333
1166,3.9
1166,-0.166666667
1166,-2.333333333
1166,-7.4
1167,6.766666667
1167,2.5
1167,0.1
1167,-4.966666667
1168,13.4
1168,8.833333333
1168,6.633333333
1168,1.833333333
1169,17.16666667
1169,12.33333333
1169,9.733333333
1169,4.366666667
1170,20
1170,15.16666667
1170,12.83333333
1170,7.933333333
1171,21.3
1171,16.83333333
1171,14.73333333
1171,10.1
1172,20.96666667
1172,16.5
1172,14.33333333
1172,9.933333333
1173,17.5
1173,12.8
1173,10.4
1173,5.8
1174,13.13333333
1174,9.166666667
1174,7.066666667
1174,2.533333333
1175,5.166666667
1175,2.166666667
1175,0.533333333
1175,-3.766666667
1176,1.766666667
1176,-0.7
1176,-2.266666667
1176,-6.433333333
1177,1.7
1177,-1.533333333
1177,-3.066666667
1177,-8.2
1178,4.433333333
1178,0.533333333
1178,-1.833333333
1178,-7
1179,8.7
1179,4.433333333
1179,2.166666667
1179,-3
1180,14.7
1180,10.2
1180,7.666666667
1180,2.366666667
1181,17.66666667
1181,12.76666667
1181,10.2
1181,4.733333333
1182,19.96666667
1182,15.1
1182,12.7
1182,7.7
1183,21.73333333
1183,17.16666667
1183,14.96666667
1183,10.43333333
1184,20.63333333
1184,16.23333333
1184,14.13333333
1184,9.833333333
1185,18.86666667
1185,14.33333333
1185,11.93333333
1185,7.433333333
1186,13.03333333
1186,9.033333333
1186,6.966666667
1186,2.5
1187,7.5
1187,4.166666667
1187,2.533333333
1187,-2.033333333
1188,3.3
1188,0.6
1188,-1.133333333
1188,-5.733333333
1189,1.966666667
1189,-1.3
1189,-3.166666667
1189,-7.9
1190,2.233333333
1190,-1.933333333
1190,-4.133333333
1190,-9.2
1191,7.433333333
1191,3.1
1191,0.733333333
1191,-4.333333333
1192,14.93333333
1192,10.33333333
1192,8
1192,2.866666667
1193,19.9
1193,15
1193,12.33333333
1193,6.8
1194,20.16666667
1194,15.23333333
1194,12.63333333
1194,7.333333333
1195,21.2
1195,16.7
1195,14.66666667
1195,10.16666667
1196,20.36666667
1196,15.86666667
1196,13.83333333
1196,9.566666667
1197,17.5
1197,12.73333333
1197,10.36666667
1197,5.833333333
1198,13.16666667
1198,9.166666667
1198,7
1198,2.4
1199,7.033333333
1199,3.833333333
1199,2.033333333
1199,-2.633333333
1200,3.733333333
1200,1.033333333
1200,-0.766666667
1200,-5.366666667
1201,1.533333333
1201,-1.733333333
1201,-3.966666667
1201,-9.333333333
1202,4.7
1202,0.666666667
1202,-1.733333333
1202,-7.033333333
1203,8.633333333
1203,4.333333333
1203,1.966666667
1203,-3.133333333
1204,13.43333333
1204,8.9
1204,6.6
1204,1.566666667
1205,18.83333333
1205,13.93333333
1205,11.3
1205,5.766666667
1206,19.6
1206,14.7
1206,12.33333333
1206,7.466666667
1207,20.8
1207,16.4
1207,14.23333333
1207,9.833333333
1208,20.73333333
1208,16.33333333
1208,14.16666667
1208,9.833333333
1209,17.33333333
1209,12.6
1209,10.43333333
1209,6.266666667
1210,12.73333333
1210,8.7
1210,6.633333333
1210,2.1
1211,6.633333333
1211,3.466666667
1211,1.933333333
1211,-2.366666667
1212,3.933333333
1212,1.233333333
1212,-0.7
1212,-5.666666667
1213,1.833333333
1213,-1.5
1213,-3.666666667
1213,-8.733333333
1214,3.133333333
1214,-0.9
1214,-3.233333333
1214,-8.4
1215,8.766666667
1215,4.433333333
1215,2.366666667
1215,-2.266666667
1216,14
1216,9.4
1216,7
1216,1.966666667
1217,17.96666667
1217,13.03333333
1217,10.46666667
1217,5.2
1218,19.83333333
1218,14.86666667
1218,12.66666667
1218,8
1219,21.66666667
1219,17.13333333
1219,15
1219,10.33333333
1220,21.03333333
1220,16.7
1220,14.66666667
1220,10.63333333
1221,16.2
1221,11.43333333
1221,9.1
1221,4.7
1222,12.3
1222,8.433333333
1222,6.466666667
1222,2.266666667
1223,6.766666667
1223,3.8
1223,2.066666667
1223,-2.333333333
1224,3.966666667
1224,1.166666667
1224,-0.966666667
1224,-5.633333333
1225,1.166666667
1225,-1.966666667
1225,-3.7
1225,-8.633333333
1226,3.466666667
1226,-0.4
1226,-2.466666667
1226,-7.333333333
1227,7.7
1227,3.533333333
1227,1.3
1227,-3.633333333
1228,13.6
1228,8.933333333
1228,6.7
1228,1.566666667
1229,15.56666667
1229,10.6
1229,8.2
1229,3.066666667
1230,20.5
1230,15.43333333
1230,13.1
1230,8.066666667
1231,20.83333333
1231,16.43333333
1231,14.5
1231,10.23333333
1232,20.33333333
1232,16.03333333
1232,13.93333333
1232,9.733333333
1233,17.5
1233,12.9
1233,10.7
1233,6.466666667
1234,11.66666667
1234,7.7
1234,5.733333333
1234,1.333333333
1235,5.333333333
1235,2.266666667
1235,0.766666667
1235,-3.233333333
1236,3.033333333
1236,0.4
1236,-1.2
1236,-5.4
1237,2.166666667
1237,-1.066666667
1237,-3.066666667
1237,-8
1238,4.733333333
1238,0.733333333
1238,-1.5
1238,-6.5
1239,11.5
1239,7.333333333
1239,4.966666667
1239,0.033333333
1240,14.73333333
1240,10.2
1240,7.866666667
1240,2.733333333
1241,17.03333333
1241,12.16666667
1241,9.633333333
1241,4.333333333
1242,19.06666667
1242,14.1
1242,11.86666667
1242,7.2
1243,21.23333333
1243,16.7
1243,14.76666667
1243,10.36666667
1244,20
1244,15.56666667
1244,13.6
1244,9.433333333
1245,17.66666667
1245,13
1245,10.8
1245,6.566666667
1246,10.66666667
1246,6.7
1246,4.9
1246,0.766666667
1247,6.633333333
1247,3.466666667
1247,1.966666667
1247,-2.066666667
1248,3.466666667
1248,0.833333333
1248,-0.733333333
1248,-5.066666667
1249,0.633333333
1249,-2.766666667
1249,-4.366666667
1249,-8.9
1250,2.6
1250,-1.4
1250,-3.6
1250,-8.766666667
1251,8.466666667
1251,4.3
1251,2.2
1251,-2.633333333
1252,12.36666667
1252,7.766666667
1252,5.633333333
1252,0.833333333
1253,15.43333333
1253,10.5
1253,8.166666667
1253,3.166666667
1254,20.2
1254,15.23333333
1254,13.06666667
1254,8.5
1255,20.66666667
1255,16.16666667
1255,14.06666667
1255,9.566666667
1256,20.73333333
1256,16.36666667
1256,14.23333333
1256,9.866666667
1257,18.06666667
1257,13.33333333
1257,11.2
1257,7.066666667
1258,12.33333333
1258,8.333333333
1258,6.466666667
1258,2.2
1259,5.8
1259,2.566666667
1259,1.033333333
1259,-3.166666667
1260,2.266666667
1260,-0.4
1260,-2.233333333
1260,-6.966666667
1261,2.366666667
1261,-0.933333333
1261,-3.333333333
1261,-8.966666667
1262,7.566666667
1262,3.533333333
1262,1.333333333
1262,-4.166666667
1263,8.7
1263,4.466666667
1263,2.233333333
1263,-2.7
1264,10.86666667
1264,6.3
1264,4.233333333
1264,-0.366666667
1265,19.8
1265,14.93333333
1265,12.33333333
1265,6.866666667
1266,19.16666667
1266,14.23333333
1266,12
1266,7.333333333
1267,21.56666667
1267,17.13333333
1267,14.93333333
1267,10.43333333
1268,20.33333333
1268,15.83333333
1268,14.1
1268,10.13333333
1269,17.3
1269,12.6
1269,10.43333333
1269,6.2
1270,13.2
1270,9.233333333
1270,7.266666667
1270,3.033333333
1271,6.733333333
1271,3.433333333
1271,1.966666667
1271,-2.3
1272,2.4
1272,-0.366666667
1272,-2.1
1272,-6.733333333
1273,1.9
1273,-1.366666667
1273,-3.4
1273,-8.466666667
1274,4.4
1274,0.333333333
1274,-1.7
1274,-6.766666667
1275,7.6
1275,3.433333333
1275,1.3
1275,-3.366666667
1276,16.06666667
1276,11.56666667
1276,9.266666667
1276,4.333333333
1277,17.8
1277,12.9
1277,10.56666667
1277,5.466666667
1278,19.66666667
1278,14.8
1278,12.63333333
1278,8
1279,20.9
1279,16.36666667
1279,14.36666667
1279,9.933333333
1280,21
1280,16.6
1280,14.56666667
1280,10.43333333
1281,17.9
1281,13.3
1281,11.03333333
1281,6.633333333
1282,11.6
1282,7.633333333
1282,5.6
1282,1.3
1283,6.3
1283,3.433333333
1283,1.7
1283,-2.766666667
1284,2.4
1284,-0.333333333
1284,-1.9
1284,-6.366666667
1285,0.9
1285,-2.466666667
1285,-4.4
1285,-9.833333333
1286,2.766666667
1286,-1.233333333
1286,-3.5
1286,-9.4
1287,11
1287,6.8
1287,4.433333333
1287,-0.333333333
1288,12.56666667
1288,8.066666667
1288,5.833333333
1288,1
1289,18.03333333
1289,13.13333333
1289,10.83333333
1289,5.666666667
1290,21.26666667
1290,16.46666667
1290,14.26666667
1290,9.6
1291,21.4
1291,16.9
1291,14.86666667
1291,10.4
1292,19.63333333
1292,15.2
1292,13.1
1292,9.166666667
1293,16.96666667
1293,12.16666667
1293,10.16666667
1293,5.966666667
1294,13.2
1294,9.133333333
1294,7.266666667
1294,2.933333333
1295,6.7
1295,3.6
1295,1.966666667
1295,-2.5
1296,3.5
1296,0.833333333
1296,-0.9
1296,-5.366666667
1297,3.2
1297,-0.1
1297,-2.166666667
1297,-7.266666667
1298,5.166666667
1298,1.066666667
1298,-1.366666667
1298,-6.5
1299,8.866666667
1299,4.633333333
1299,2.266666667
1299,-2.533333333
1300,13.13333333
1300,8.766666667
1300,6.666666667
1300,1.933333333
1301,17.66666667
1301,12.6
1301,10.06666667
1301,4.633333333
1302,19.53333333
1302,14.53333333
1302,12.23333333
1302,7.666666667
1303,21.33333333
1303,16.83333333
1303,14.83333333
1303,10.36666667
1304,21.5
1304,17.13333333
1304,15.1
1304,10.9
1305,17.83333333
1305,12.83333333
1305,10.56666667
1305,6.366666667
1306,12.36666667
1306,8.366666667
1306,6.4
1306,2.333333333
1307,5.333333333
1307,2.133333333
1307,0.533333333
1307,-3.933333333
1308,2.633333333
1308,-0.1
1308,-1.966666667
1308,-6.2
1309,1.533333333
1309,-1.466666667
1309,-2.833333333
1309,-7.5
1310,4.1
1310,0
1310,-2.366666667
1310,-7.566666667
1311,11.63333333
1311,7.366666667
1311,4.933333333
1311,-0.233333333
1312,16.13333333
1312,11.53333333
1312,9.1
1312,3.833333333
1313,17.36666667
1313,12.36666667
1313,9.766666667
1313,4.433333333
1314,18.96666667
1314,13.83333333
1314,11.3
1314,6.2
1315,20.53333333
1315,15.96666667
1315,13.93333333
1315,9.666666667
1316,20.3
1316,16.06666667
1316,14.16666667
1316,10.3
1317,17.3
1317,12.6
1317,10.06666667
1317,5.4
1318,13.6
1318,9.566666667
1318,7.666666667
1318,3.4
1319,6.833333333
1319,3.866666667
1319,2.166666667
1319,-2.166666667
1320,2.233333333
1320,-0.266666667
1320,-1.966666667
1320,-6.533333333
1321,0.766666667
1321,-2.6
1321,-4.866666667
1321,-10.13333333
1322,4.3
1322,0.233333333
1322,-1.9
1322,-7.033333333
1323,9
1323,4.6
1323,2.066666667
1323,-2.966666667
1324,12.56666667
1324,8.033333333
1324,5.933333333
1324,1.1
1325,19.16666667
1325,14.3
1325,11.7
1325,6.3
1326,20.96666667
1326,15.96666667
1326,13.76666667
1326,8.866666667
1327,21.36666667
1327,16.9
1327,14.86666667
1327,10.46666667
1328,20.23333333
1328,16
1328,13.93333333
1328,9.833333333
1329,17.33333333
1329,12.73333333
1329,10.56666667
1329,6.366666667
1330,12.83333333
1330,9.033333333
1330,7.366666667
1330,2.9
1331,7.266666667
1331,4.133333333
1331,2.366666667
1331,-2
1332,2.966666667
1332,0.133333333
1332,-1.666666667
1332,-6.533333333
1333,0.766666667
1333,-2.6
1333,-4.9
1333,-10.46666667
1334,2.766666667
1334,-1.2
1334,-3.5
1334,-8.733333333
1335,8.5
1335,4.233333333
1335,1.8
1335,-3.4
1336,12.53333333
1336,7.966666667
1336,5.9
1336,1.2
1337,16.96666667
1337,12.1
1337,9.633333333
1337,4.433333333
1338,20.46666667
1338,15.43333333
1338,13.16666667
1338,8.366666667
1339,22.46666667
1339,18.06666667
1339,15.9
1339,11.23333333
1340,20.6
1340,16.2
1340,14.2
1340,10.1
1341,17.56666667
1341,13.03333333
1341,11.03333333
1341,6.633333333
1342,11.53333333
1342,7.666666667
1342,5.466666667
1342,0.966666667
1343,5.866666667
1343,2.833333333
1343,0.933333333
1343,-3.633333333
1344,3.2
1344,0.566666667
1344,-1.233333333
1344,-6.066666667
1345,0.666666667
1345,-2.833333333
1345,-4.766666667
1345,-9.7
1346,2.566666667
1346,-1.666666667
1346,-3.6
1346,-8.1
1347,8.333333333
1347,4
1347,1.866666667
1347,-2.666666667
1348,13.2
1348,8.866666667
1348,6.766666667
1348,2.033333333
1349,18.03333333
1349,13.06666667
1349,10.6
1349,5.266666667
1350,20.63333333
1350,15.73333333
1350,13.33333333
1350,8.4
1351,21.96666667
1351,17.5
1351,15.4
1351,10.73333333
1352,20.8
1352,16.43333333
1352,14.66666667
1352,10.63333333
1353,18.43333333
1353,13.83333333
1353,11.46666667
1353,7.033333333
1354,14.03333333
1354,10.2
1354,8.2
1354,3.666666667
1355,6.333333333
1355,3.166666667
1355,1.433333333
1355,-3.066666667
1356,3.433333333
1356,0.733333333
1356,-0.9
1356,-5.366666667
1357,1.566666667
1357,-1.7
1357,-3.733333333
1357,-8.833333333
1358,3.233333333
1358,-0.8
1358,-3.133333333
1358,-8.366666667
1359,7.666666667
1359,3.733333333
1359,1.7
1359,-3.233333333
1360,12.23333333
1360,7.8
1360,5.733333333
1360,0.8
1361,16.06666667
1361,11.13333333
1361,8.733333333
1361,3.7
1362,20.96666667
1362,15.86666667
1362,13.53333333
1362,8.533333333
1363,22.26666667
1363,17.7
1363,15.66666667
1363,11.23333333
1364,21.33333333
1364,16.9
1364,14.86666667
1364,10.53333333
1365,17.9
1365,13.26666667
1365,11.16666667
1365,6.8
1366,12.83333333
1366,8.8
1366,6.833333333
1366,2.533333333
1367,6.133333333
1367,2.933333333
1367,1.2
1367,-3.3
1368,2.2
1368,-0.566666667
1368,-2.266666667
1368,-7.133333333
1369,1.9
1369,-1.366666667
1369,-3.333333333
1369,-8.2
1370,4.666666667
1370,0.566666667
1370,-1.633333333
1370,-6.833333333
1371,7.066666667
1371,2.933333333
1371,0.633333333
1371,-3.966666667
1372,13.1
1372,8.8
1372,6.466666667
1372,1.566666667
1373,16.93333333
1373,12.03333333
1373,9.6
1373,4.566666667
1374,19.86666667
1374,14.9
1374,12.66666667
1374,7.8
1375,20.46666667
1375,15.96666667
1375,14.43333333
1375,10
1376,20.3
1376,15.8
1376,13.7
1376,9.633333333
1377,17.03333333
1377,12.36666667
1377,10.1
1377,5.766666667
1378,13.03333333
1378,9.066666667
1378,7.133333333
1378,2.833333333
1379,7.166666667
1379,4.066666667
1379,2.433333333
1379,-1.966666667
1380,3.1
1380,0.366666667
1380,-1.366666667
1380,-6.033333333
1381,2.6
1381,-0.633333333
1381,-2.8
1381,-8.033333333
1382,4.8
1382,0.733333333
1382,-1.6
1382,-7.233333333
1383,8.6
1383,4.4
1383,2.133333333
1383,-2.7
1384,14.23333333
1384,9.7
1384,7.466666667
1384,2.566666667
1385,17.76666667
1385,12.83333333
1385,10.23333333
1385,4.9
1386,21.46666667
1386,16.5
1386,14.13333333
1386,9.2
1387,21.73333333
1387,17.26666667
1387,15.16666667
1387,10.73333333
1388,20.46666667
1388,16.1
1388,14
1388,9.333333333
1389,18.76666667
1389,14.06666667
1389,11.73333333
1389,7.266666667
1390,13.53333333
1390,9.433333333
1390,7.333333333
1390,2.666666667
1391,6.266666667
1391,3.3
1391,1.3
1391,-3.1
1392,3.666666667
1392,0.933333333
1392,-1.066666667
1392,-5.566666667
1393,1.733333333
1393,-1.833333333
1393,-4.066666667
1393,-9.466666667
1394,4.833333333
1394,0.833333333
1394,-1.633333333
1394,-6.766666667
1395,8.566666667
1395,4.166666667
1395,1.666666667
1395,-3.266666667
1396,15.13333333
1396,10.56666667
1396,8.066666667
1396,2.666666667
1397,18.43333333
1397,13.33333333
1397,10.73333333
1397,5.5
1398,19.5
1398,14.66666667
1398,12.46666667
1398,7.766666667
1399,21.56666667
1399,17.13333333
1399,14.96666667
1399,10.3
1400,21
1400,16.56666667
1400,14.43333333
1400,9.866666667
1401,18.03333333
1401,13.3
1401,11
1401,6.633333333
1402,13.9
1402,9.833333333
1402,7.8
1402,3.2
1403,6.1
1403,3
1403,1.3
1403,-3.033333333
1404,3.633333333
1404,0.8
1404,-1.133333333
1404,-5.9
1405,2.9
1405,-0.266666667
1405,-2.266666667
1405,-7.8
1406,5.466666667
1406,1.533333333
1406,-0.833333333
1406,-6.566666667
1407,10.76666667
1407,6.5
1407,4.233333333
1407,-0.666666667
1408,14.93333333
1408,10.33333333
1408,8.066666667
1408,3
1409,17.33333333
1409,12.33333333
1409,9.766666667
1409,4.433333333
1410,20.7
1410,15.76666667
1410,13.36666667
1410,8.133333333
1411,21.46666667
1411,17.03333333
1411,14.96666667
1411,10.43333333
1412,21.8
1412,17.3
1412,15.13333333
1412,10.8
1413,18.23333333
1413,13.5
1413,11.06666667
1413,6.6
1414,12
1414,7.833333333
1414,5.766666667
1414,1.333333333
1415,6.433333333
1415,3.2
1415,1.533333333
1415,-3.066666667
1416,2.8
1416,0.033333333
1416,-1.833333333
1416,-6.666666667
1417,1.6
1417,-1.9
1417,-4.066666667
1417,-9.2
1418,3
1418,-1.133333333
1418,-3.466666667
1418,-8.533333333
1419,7.2
1419,2.933333333
1419,0.9
1419,-3.733333333
1420,14.1
1420,9.633333333
1420,7.366666667
1420,2.533333333
1421,16.33333333
1421,11.36666667
1421,8.766666667
1421,3.466666667
1422,19.6
1422,14.5
1422,12
1422,6.966666667
1423,21.2
1423,16.86666667
1423,14.83333333
1423,10.46666667
1424,20.73333333
1424,16.26666667
1424,14.1
1424,9.9
1425,19.06666667
1425,14.23333333
1425,11.83333333
1425,7.2
1426,12.4
1426,8.4
1426,6.233333333
1426,1.866666667
1427,6.366666667
1427,3.133333333
1427,1.366666667
1427,-3
1428,1
1428,-1.366666667
1428,-3.133333333
1428,-7.733333333
