DATE,TEMPERATURE
31-01-1901,-0.39375
28-02-1901,0.16875
31-03-1901,7.13125
30-04-1901,10.65
31-05-1901,14.5125
30-06-1901,18.21875
31-07-1901,19.89375
31-08-1901,19.6625
30-09-1901,16.85
31-10-1901,12.38125
30-11-1901,7.70625
31-12-1901,2.45625
31-01-1902,1.46875
28-02-1902,1.825
31-03-1902,6.5875
30-04-1902,10.74375
31-05-1902,15.83125
30-06-1902,19
31-07-1902,19.70625
31-08-1902,19.475
30-09-1902,16.70625
31-10-1902,12.05625
30-11-1902,6.4
31-12-1902,1.475
31-01-1903,-1.05625
28-02-1903,0.28125
31-03-1903,3.08125
30-04-1903,8.9125
31-05-1903,14.0625
30-06-1903,19.1875
31-07-1903,19.4625
31-08-1903,19.0125
30-09-1903,17.4
31-10-1903,12.6875
30-11-1903,6.05625
31-12-1903,1.50625
31-01-1904,-1.95625
29-02-1904,1.95625
31-03-1904,5.79375
30-04-1904,11.1875
31-05-1904,14.8
30-06-1904,19.5625
31-07-1904,19.875
31-08-1904,19.3875
30-09-1904,16.29375
31-10-1904,11.15625
30-11-1904,6.7625
31-12-1904,2.60625
31-01-1905,-1.7625
28-02-1905,-3.275
31-03-1905,1.86875
30-04-1905,9.03125
31-05-1905,15.83125
30-06-1905,19.175
31-07-1905,20.2375
31-08-1905,19.74375
30-09-1905,16.94375
31-10-1905,12.85625
30-11-1905,7.4625
31-12-1905,1.71875
31-01-1906,-1.8375
28-02-1906,-0.875
31-03-1906,4.5125
30-04-1906,9.98125
31-05-1906,16.31875
30-06-1906,18.9375
31-07-1906,20.325
31-08-1906,19.91875
30-09-1906,16.34375
31-10-1906,12.69375
30-11-1906,7.66875
31-12-1906,3.7
31-01-1907,1.825
28-02-1907,-0.625
31-03-1907,3.34375
30-04-1907,10.09375
31-05-1907,13.3125
30-06-1907,17.41875
31-07-1907,20.19375
31-08-1907,19.08125
30-09-1907,16.59375
31-10-1907,11.7
30-11-1907,6.8
31-12-1907,1.45
31-01-1908,0.91875
29-02-1908,0.81875
31-03-1908,5.2625
30-04-1908,11.48125
31-05-1908,14.73125
30-06-1908,19.14375
31-07-1908,20.35
31-08-1908,18.625
30-09-1908,15.99375
31-10-1908,10.88125
30-11-1908,6.51875
31-12-1908,1.75625
31-01-1909,-1.76875
28-02-1909,-0.54375
31-03-1909,6.11875
30-04-1909,11.2375
31-05-1909,15.00625
30-06-1909,18.73125
31-07-1909,19.16875
31-08-1909,19.64375
30-09-1909,15.70625
31-10-1909,11.9125
30-11-1909,8.4125
31-12-1909,2.325
31-01-1910,0.0625
28-02-1910,1.2625
31-03-1910,4.74375
30-04-1910,9.725
31-05-1910,15.8125
30-06-1910,18.7
31-07-1910,19.80625
31-08-1910,19.43125
30-09-1910,16.7625
31-10-1910,11.63125
30-11-1910,5.83125
31-12-1910,-0.275
31-01-1911,0.1375
28-02-1911,1.05
31-03-1911,3.9875
30-04-1911,10.4125
31-05-1911,15.81875
30-06-1911,19.45
31-07-1911,20.31875
31-08-1911,19.65625
30-09-1911,17.025
31-10-1911,12.03125
30-11-1911,4.40625
31-12-1911,1.1625
31-01-1912,0.28125
29-02-1912,2.36875
31-03-1912,5.1625
30-04-1912,11.4875
31-05-1912,15.0875
30-06-1912,19.375
31-07-1912,20.6875
31-08-1912,19.00625
30-09-1912,15.18125
31-10-1912,12.425
30-11-1912,5.8875
31-12-1912,1.84375
31-01-1913,1.15
28-02-1913,0.4375
31-03-1913,3.175
30-04-1913,10.66875
31-05-1913,14.75625
30-06-1913,18.15
31-07-1913,19.875
31-08-1913,19.09375
30-09-1913,16.13125
31-10-1913,12.1
30-11-1913,5.60625
31-12-1913,1.7375
31-01-1914,2.2625
28-02-1914,0.44375
31-03-1914,4.96875
30-04-1914,10.76875
31-05-1914,15.225
30-06-1914,19.9625
31-07-1914,20.28125
31-08-1914,19.3125
30-09-1914,17.53125
31-10-1914,10.63125
30-11-1914,6.5875
31-12-1914,0.75
31-01-1915,-0.1
28-02-1915,-0.51875
31-03-1915,7.06875
30-04-1915,11.40625
31-05-1915,17.80625
30-06-1915,19.4
31-07-1915,20.125
31-08-1915,20.01875
30-09-1915,18.15625
31-10-1915,13.35625
30-11-1915,7.43125
31-12-1915,2.2375
31-01-1916,1.25625
29-02-1916,2.22E-16
31-03-1916,8.24375
30-04-1916,12.44375
31-05-1916,14.625
30-06-1916,18.80625
31-07-1916,19.8625
31-08-1916,19.7625
30-09-1916,16.58125
31-10-1916,12.2125
30-11-1916,4.3875
31-12-1916,1.175
31-01-1917,1.11875
28-02-1917,3.2
31-03-1917,5.93125
30-04-1917,9.1375
31-05-1917,14.1125
30-06-1917,18.53125
31-07-1917,19.6125
31-08-1917,18.88125
30-09-1917,15.98125
31-10-1917,11.0125
30-11-1917,5.25
31-12-1917,1.91875
31-01-1918,-1.21875
28-02-1918,1.25625
31-03-1918,5.11875
30-04-1918,9.0375
31-05-1918,16.95
30-06-1918,19.0625
31-07-1918,20.475
31-08-1918,20.0875
30-09-1918,16.23125
31-10-1918,11.86875
30-11-1918,5.3
31-12-1918,-0.06875
31-01-1919,-1.7
28-02-1919,-1.15
31-03-1919,5.05625
30-04-1919,10.325
31-05-1919,14.54375
30-06-1919,19.6375
31-07-1919,19.96875
31-08-1919,18.975
30-09-1919,15.29375
31-10-1919,11.5
30-11-1919,5.7125
31-12-1919,1.28125
31-01-1920,0.30625
29-02-1920,-1.04375
31-03-1920,4.65625
30-04-1920,9.225
31-05-1920,11.675
30-06-1920,17.31875
31-07-1920,19.70625
31-08-1920,18.75625
30-09-1920,16.60625
31-10-1920,12.475
30-11-1920,6.35
31-12-1920,0.91875
31-01-1921,0.15
28-02-1921,-0.3875
31-03-1921,7.225
30-04-1921,12.85
31-05-1921,16.11875
30-06-1921,18.21875
31-07-1921,20.08125
31-08-1921,18.58125
30-09-1921,16.025
31-10-1921,10.89375
30-11-1921,6.31875
31-12-1921,2.9625
31-01-1922,0.025
28-02-1922,2.25
31-03-1922,7.025
30-04-1922,11.48125
31-05-1922,14.85
30-06-1922,18.4125
31-07-1922,20.13125
31-08-1922,19.49375
30-09-1922,16.18125
31-10-1922,11.125
30-11-1922,6.2125
31-12-1922,2.325
31-01-1923,0.075
28-02-1923,0.4125
31-03-1923,6.38125
30-04-1923,11.5875
31-05-1923,14.24375
30-06-1923,19.49375
31-07-1923,18.9375
31-08-1923,18.8
30-09-1923,15.45
31-10-1923,10.80625
30-11-1923,5.44375
31-12-1923,1.01875
31-01-1924,-0.675
29-02-1924,1.11875
31-03-1924,6.775
30-04-1924,11.2875
31-05-1924,11.66875
30-06-1924,19.1625
31-07-1924,20.6125
31-08-1924,19.3
30-09-1924,15.4125
31-10-1924,11.775
30-11-1924,5.64375
31-12-1924,2.20625
31-01-1925,-1.4875
28-02-1925,-1.3625
31-03-1925,6.825
30-04-1925,12.4875
31-05-1925,14.93125
30-06-1925,18.13125
31-07-1925,19.6875
31-08-1925,18.925
30-09-1925,16.5375
31-10-1925,12.225
30-11-1925,5.0125
31-12-1925,1.94375
31-01-1926,0.8
28-02-1926,2.63125
31-03-1926,5.225
30-04-1926,8.4625
31-05-1926,13.36875
30-06-1926,18.90625
31-07-1926,20.33125
31-08-1926,19.81875
30-09-1926,16.775
31-10-1926,11.4
30-11-1926,3.55625
31-12-1926,1.8625
31-01-1927,-1.46875
28-02-1927,-0.55625
31-03-1927,4.40625
30-04-1927,10.60625
31-05-1927,14.10625
30-06-1927,18.36875
31-07-1927,20.2125
31-08-1927,19.2875
30-09-1927,16.30625
31-10-1927,12.875
30-11-1927,6.26875
31-12-1927,2.5875
31-01-1928,-1.0125
29-02-1928,1.13125
31-03-1928,4.9125
30-04-1928,10.86875
31-05-1928,16.2625
30-06-1928,18.9625
31-07-1928,19.70625
31-08-1928,19.0125
30-09-1928,15.68125
31-10-1928,12.5625
30-11-1928,6.8375
31-12-1928,1.1875
31-01-1929,-1.6375
28-02-1929,-1.06875
31-03-1929,7.725
30-04-1929,12.4625
31-05-1929,15.23125
30-06-1929,18.7625
31-07-1929,19.475
31-08-1929,19.0625
30-09-1929,17.29375
31-10-1929,11.14375
30-11-1929,6.375
31-12-1929,-1.40625
31-01-1930,-2.8125
28-02-1930,-0.61875
31-03-1930,6.1625
30-04-1930,9.7
31-05-1930,14.95625
30-06-1930,18.23125
31-07-1930,19.84375
31-08-1930,19.23125
30-09-1930,15.9125
31-10-1930,11.89375
30-11-1930,6.73125
31-12-1930,1.61875
31-01-1931,1.44375
28-02-1931,-1.24375
31-03-1931,6.275
30-04-1931,12.59375
31-05-1931,14.48125
30-06-1931,18.125
31-07-1931,18.45625
31-08-1931,20.06875
30-09-1931,17.025
31-10-1931,12.9875
30-11-1931,6.1
31-12-1931,1.83125
31-01-1932,1.49375
29-02-1932,0.25
31-03-1932,6.88125
30-04-1932,12.29375
31-05-1932,13.825
30-06-1932,19.26875
31-07-1932,20.7
31-08-1932,18.65625
30-09-1932,17.3875
31-10-1932,12.01875
30-11-1932,6.59375
31-12-1932,1.1
31-01-1933,-2.58125
28-02-1933,1.76875
31-03-1933,5.6875
30-04-1933,9.225
31-05-1933,14.7625
30-06-1933,19.26875
31-07-1933,20.55625
31-08-1933,18.16875
30-09-1933,15.725
31-10-1933,11.96875
30-11-1933,6.825
31-12-1933,3.54375
31-01-1934,-2.48125
28-02-1934,3.75
31-03-1934,5.21875
30-04-1934,11.0375
31-05-1934,13.24375
30-06-1934,18.65
31-07-1934,19.725
31-08-1934,19.33125
30-09-1934,17.11875
31-10-1934,11.55
30-11-1934,6.11875
31-12-1934,2.975
31-01-1935,-2.1875
28-02-1935,1.15
31-03-1935,6.05
30-04-1935,7.9625
31-05-1935,14.8
30-06-1935,18.38125
31-07-1935,19.86875
31-08-1935,18.975
30-09-1935,16.6625
31-10-1935,11.48125
30-11-1935,6.4375
31-12-1935,1.825
31-01-1936,-1.19375
29-02-1936,2.3125
31-03-1936,4.625
30-04-1936,10.33125
31-05-1936,17.9875
30-06-1936,18.4375
31-07-1936,19.575
31-08-1936,19.28125
30-09-1936,17.0375
31-10-1936,12.775
30-11-1936,6.125
31-12-1936,1.775
31-01-1937,-0.94375
28-02-1937,1.5875
31-03-1937,5.10625
30-04-1937,9.675
31-05-1937,15.34375
30-06-1937,19.5375
31-07-1937,19.48125
31-08-1937,19.89375
30-09-1937,16.84375
31-10-1937,11.025
30-11-1937,5.5125
31-12-1937,0.6875
31-01-1938,-1.19375
28-02-1938,-1.03125
31-03-1938,5.16875
30-04-1938,11.71875
31-05-1938,17.98125
30-06-1938,18.025
31-07-1938,20.31875
31-08-1938,19.925
30-09-1938,16.46875
31-10-1938,12.3125
30-11-1938,5.35
31-12-1938,2.1625
31-01-1939,0.2375
28-02-1939,0.43125
31-03-1939,2.89375
30-04-1939,8.725
31-05-1939,15.74375
30-06-1939,18.8
31-07-1939,20.19375
31-08-1939,19.7625
30-09-1939,17.60625
31-10-1939,12.85625
30-11-1939,6.7125
31-12-1939,3.55
31-01-1940,1.28125
29-02-1940,2.13125
31-03-1940,5.1875
30-04-1940,10.3375
31-05-1940,15.59375
30-06-1940,19.25625
31-07-1940,20.66875
31-08-1940,18.73125
30-09-1940,16.03125
31-10-1940,12.6375
30-11-1940,7.58125
31-12-1940,2.3875
31-01-1941,-0.525
28-02-1941,2.675
31-03-1941,7.9375
30-04-1941,12.8
31-05-1941,16.75625
30-06-1941,19.16875
31-07-1941,19.96875
31-08-1941,20.225
30-09-1941,16.29375
31-10-1941,15.04375
30-11-1941,7.4
31-12-1941,2.95
31-01-1942,-0.91875
28-02-1942,0.9875
31-03-1942,7.98125
30-04-1942,12.7125
31-05-1942,15.54375
30-06-1942,18.725
31-07-1942,19.7125
31-08-1942,18.8875
30-09-1942,16.15
31-10-1942,12.20625
30-11-1942,8.3875
31-12-1942,1.6625
31-01-1943,-0.35
28-02-1943,1.83125
31-03-1943,6.55625
30-04-1943,10.1875
31-05-1943,14.20625
30-06-1943,18.30625
31-07-1943,19.88125
31-08-1943,19.5375
30-09-1943,17.45625
31-10-1943,12.09375
30-11-1943,7.03125
31-12-1943,3.575
31-01-1944,-0.5875
29-02-1944,0.06875
31-03-1944,6.50625
30-04-1944,11.05
31-05-1944,16.39375
30-06-1944,18.675
31-07-1944,21.125
31-08-1944,19.4875
30-09-1944,15.60625
31-10-1944,11.60625
30-11-1944,6.775
31-12-1944,1.40625
31-01-1945,-2.00625
28-02-1945,-0.225
31-03-1945,6.075
30-04-1945,9.76875
31-05-1945,14.38125
30-06-1945,18.85
31-07-1945,19.9375
31-08-1945,19.53125
30-09-1945,17.1375
31-10-1945,12.4
30-11-1945,7.05
31-12-1945,1.19375
31-01-1946,0.89375
28-02-1946,3.46875
31-03-1946,6.075
30-04-1946,14.29375
31-05-1946,16.85625
30-06-1946,19.15
31-07-1946,20.56875
31-08-1946,19.91875
30-09-1946,17.2375
31-10-1946,13.825
30-11-1946,5.84375
31-12-1946,0.46875
31-01-1947,-1.0875
28-02-1947,1.225
31-03-1947,8.2375
30-04-1947,12.88125
31-05-1947,16.5375
30-06-1947,19.9125
31-07-1947,20.16875
31-08-1947,20.25
30-09-1947,17.39375
31-10-1947,11.91875
30-11-1947,8.06875
31-12-1947,1.88125
31-01-1948,-0.06875
29-02-1948,0.69375
31-03-1948,5.05
30-04-1948,11.7125
31-05-1948,15.80625
30-06-1948,17.99375
31-07-1948,19.89375
31-08-1948,19.1125
30-09-1948,17.06875
31-10-1948,12.66875
30-11-1948,5.59375
31-12-1948,1.5125
31-01-1949,0.5375
28-02-1949,-0.01875
31-03-1949,5.98125
30-04-1949,12.49375
31-05-1949,17.21875
30-06-1949,17.30625
31-07-1949,20.0125
31-08-1949,18.99375
30-09-1949,17.8
31-10-1949,11.78125
30-11-1949,4.925
31-12-1949,1.23125
31-01-1950,0.00625
28-02-1950,-1.64375
31-03-1950,4.61875
30-04-1950,8.9375
31-05-1950,15.225
30-06-1950,19.5625
31-07-1950,20.24375
31-08-1950,19.16875
30-09-1950,15.20625
31-10-1950,11.375
30-11-1950,5.6125
31-12-1950,-0.025
31-01-1951,-0.33125
28-02-1951,0.15625
31-03-1951,6.0875
30-04-1951,8.7875
31-05-1951,14.4125
30-06-1951,17.65625
31-07-1951,19.30625
31-08-1951,19.25
30-09-1951,17.49375
31-10-1951,14.24375
30-11-1951,7.88125
31-12-1951,3.85
31-01-1952,0.575
29-02-1952,2.6375
31-03-1952,5.39375
30-04-1952,12.18125
31-05-1952,15.3125
30-06-1952,18.925
31-07-1952,19.3125
31-08-1952,18.825
30-09-1952,16.9375
31-10-1952,12.3875
30-11-1952,6.4625
31-12-1952,2.29375
31-01-1953,-0.40625
28-02-1953,3.18125
31-03-1953,8.3375
30-04-1953,11.59375
31-05-1953,16.1375
30-06-1953,19.3625
31-07-1953,20.6125
31-08-1953,18.9375
30-09-1953,16.56875
31-10-1953,12.06875
30-11-1953,6.5625
31-12-1953,4.00625
31-01-1954,-1.30625
28-02-1954,0.90625
31-03-1954,6.1875
30-04-1954,11.6875
31-05-1954,16.025
30-06-1954,19.03125
31-07-1954,19.4
31-08-1954,19.60625
30-09-1954,17.0875
31-10-1954,10.525
30-11-1954,6.29375
31-12-1954,1.425
31-01-1955,-0.55625
28-02-1955,2.725
31-03-1955,7.9375
30-04-1955,9.3875
31-05-1955,12.61875
30-06-1955,18.91875
31-07-1955,19.75625
31-08-1955,19.25625
30-09-1955,16.5875
31-10-1955,11.78125
30-11-1955,6.99375
31-12-1955,3.125
31-01-1956,-0.6125
29-02-1956,1.9375
31-03-1956,5.8625
30-04-1956,11.78125
31-05-1956,18.1125
30-06-1956,18.625
31-07-1956,19.8125
31-08-1956,18.5375
30-09-1956,17.64375
31-10-1956,11.575
30-11-1956,6.4625
31-12-1956,2.3875
31-01-1957,-0.5125
28-02-1957,-0.74375
31-03-1957,5.21875
30-04-1957,8.91875
31-05-1957,12.4375
30-06-1957,17.6875
31-07-1957,19.98125
31-08-1957,18.45625
30-09-1957,16.1
31-10-1957,11.4375
30-11-1957,6.325
31-12-1957,1.81875
31-01-1958,1.775
28-02-1958,1.2875
31-03-1958,6.975
30-04-1958,13.09375
31-05-1958,14.16875
30-06-1958,18.7375
31-07-1958,20.4
31-08-1958,19.0625
30-09-1958,16.50625
31-10-1958,12.09375
30-11-1958,6.89375
31-12-1958,3.51875
31-01-1959,-0.61875
28-02-1959,-0.25625
31-03-1959,6.6125
30-04-1959,11.18125
31-05-1959,14.0625
30-06-1959,19.4
31-07-1959,19.24375
31-08-1959,19.68125
30-09-1959,17.60625
31-10-1959,13.88125
30-11-1959,6.3375
31-12-1959,2.33125
31-01-1960,-0.0875
29-02-1960,4.4875
31-03-1960,4.975
30-04-1960,9.375
31-05-1960,14.925
30-06-1960,19.2875
31-07-1960,19.975
31-08-1960,19.9875
30-09-1960,17.03125
31-10-1960,12.3375
30-11-1960,5.825
31-12-1960,1.63125
31-01-1961,0.9625
28-02-1961,-0.26875
31-03-1961,6.375
30-04-1961,11.175
31-05-1961,15.44375
30-06-1961,19.16875
31-07-1961,20.11875
31-08-1961,19.175
30-09-1961,17.79375
31-10-1961,12.25625
30-11-1961,5.49375
31-12-1961,0.94375
31-01-1962,-0.225
28-02-1962,2.425
31-03-1962,6.4375
30-04-1962,11.63125
31-05-1962,14.5
30-06-1962,18.7875
31-07-1962,20.04375
31-08-1962,19.4375
30-09-1962,15.8875
31-10-1962,11.975
30-11-1962,5.94375
31-12-1962,1.35
31-01-1963,0.3375
28-02-1963,3.35625
31-03-1963,6.225
30-04-1963,10.66875
31-05-1963,13.29375
30-06-1963,19.63125
31-07-1963,20.45
31-08-1963,19.19375
30-09-1963,16.525
31-10-1963,13.39375
30-11-1963,7.0125
31-12-1963,2.2625
31-01-1964,-1.925
29-02-1964,0.48125
31-03-1964,7.33125
30-04-1964,11.19375
31-05-1964,13.44375
30-06-1964,18.06875
31-07-1964,18.8875
31-08-1964,19.44375
30-09-1964,16.8625
31-10-1964,11.875
30-11-1964,5.73125
31-12-1964,1.70625
31-01-1965,1.39375
28-02-1965,0.65625
31-03-1965,5.63125
30-04-1965,8.4
31-05-1965,13.31875
30-06-1965,18.68125
31-07-1965,19.04375
31-08-1965,18.0625
30-09-1965,16.275
31-10-1965,13.0125
30-11-1965,7.6
31-12-1965,1.125
31-01-1966,1.3
28-02-1966,3.675
31-03-1966,5.81875
30-04-1966,9.80625
31-05-1966,14.2875
30-06-1966,18.85625
31-07-1966,19.13125
31-08-1966,19.26875
30-09-1966,15.4375
31-10-1966,11.2875
30-11-1966,5.6125
31-12-1966,1.125
31-01-1967,-1.05
28-02-1967,2.60625
31-03-1967,4.90625
30-04-1967,9.975
31-05-1967,13.43125
30-06-1967,19.11875
31-07-1967,20.125
31-08-1967,18.83125
30-09-1967,16.8125
31-10-1967,10.83125
30-11-1967,6.05
31-12-1967,1.8625
31-01-1968,-1.7375
29-02-1968,-1.11875
31-03-1968,6.19375
30-04-1968,10.9625
31-05-1968,12.99375
30-06-1968,19.16875
31-07-1968,19.8375
31-08-1968,19.00625
30-09-1968,17.3125
31-10-1968,11.08125
30-11-1968,6.21875
31-12-1968,1.41875
31-01-1969,-0.39375
28-02-1969,0.65
31-03-1969,8.5375
30-04-1969,10.36875
31-05-1969,13.55
30-06-1969,18.70625
31-07-1969,19.8875
31-08-1969,19.625
30-09-1969,16.475
31-10-1969,12.9625
30-11-1969,7.41875
31-12-1969,2.925
31-01-1970,0.79375
28-02-1970,1.9625
31-03-1970,5.99375
30-04-1970,12.8625
31-05-1970,16.4
30-06-1970,18.875
31-07-1970,19.75625
31-08-1970,19.71875
30-09-1970,17.35
31-10-1970,13.1375
30-11-1970,6.48125
31-12-1970,2.60625
31-01-1971,-0.14375
28-02-1971,2.01875
31-03-1971,6.98125
30-04-1971,13.0375
31-05-1971,15.925
30-06-1971,19.06875
31-07-1971,19.7
31-08-1971,19.15
30-09-1971,15.66875
31-10-1971,12.05
30-11-1971,7.3
31-12-1971,3.53125
31-01-1972,0.98125
29-02-1972,-1.50625
31-03-1972,6.225
30-04-1972,10.13125
31-05-1972,14.58125
30-06-1972,18.675
31-07-1972,19.06875
31-08-1972,18.56875
30-09-1972,15.71875
31-10-1972,11.1875
30-11-1972,7.26875
31-12-1972,2.50625
31-01-1973,-0.3125
28-02-1973,2.23125
31-03-1973,5.21875
30-04-1973,12
31-05-1973,15.40625
30-06-1973,20.05625
31-07-1973,19.85
31-08-1973,18.81875
30-09-1973,17.5375
31-10-1973,11.75
30-11-1973,6.81875
31-12-1973,1.4875
31-01-1974,0.0625
28-02-1974,-0.8375
31-03-1974,7.5625
30-04-1974,12.70625
31-05-1974,14.95
30-06-1974,17.60625
31-07-1974,19.475
31-08-1974,19.10625
30-09-1974,16.275
31-10-1974,11.15625
30-11-1974,5.78125
31-12-1974,-0.04375
31-01-1975,-1.54375
28-02-1975,-0.96875
31-03-1975,4.55625
30-04-1975,10.4875
31-05-1975,14.425
30-06-1975,17.75
31-07-1975,18.4375
31-08-1975,19.0625
30-09-1975,16.3375
31-10-1975,12.53125
30-11-1975,5.0375
31-12-1975,2.0375
31-01-1976,0.49375
29-02-1976,0.68125
31-03-1976,4.59375
30-04-1976,10.45
31-05-1976,15.05
30-06-1976,17.3375
31-07-1976,20.16875
31-08-1976,17.98125
30-09-1976,15.9375
31-10-1976,12.225
30-11-1976,6.5625
31-12-1976,2.2375
31-01-1977,-0.5125
28-02-1977,0.8375
31-03-1977,8.2875
30-04-1977,11.6125
31-05-1977,13.6
30-06-1977,18.29375
31-07-1977,20.025
31-08-1977,19
30-09-1977,16.5125
31-10-1977,12.98125
30-11-1977,7.91875
31-12-1977,2.53125
31-01-1978,-1.2125
28-02-1978,0.575
31-03-1978,4.1125
30-04-1978,11.225
31-05-1978,17.34375
30-06-1978,19.96875
31-07-1978,19.20625
31-08-1978,19.24375
30-09-1978,16.66875
31-10-1978,12.375
30-11-1978,6.1
31-12-1978,2.70625
31-01-1979,0.4875
28-02-1979,1.20625
31-03-1979,4.55625
30-04-1979,12.66875
31-05-1979,12.7
30-06-1979,18.7375
31-07-1979,20.2625
31-08-1979,19.0625
30-09-1979,15.7625
31-10-1979,12.8625
30-11-1979,7.05
31-12-1979,2.91875
31-01-1980,0.0375
29-02-1980,1.44375
31-03-1980,4.9
30-04-1980,12.6875
31-05-1980,16.3625
30-06-1980,19.2875
31-07-1980,20.01875
31-08-1980,18.88125
30-09-1980,16.16875
31-10-1980,12.35625
30-11-1980,7.11875
31-12-1980,2.6375
31-01-1981,0.60625
28-02-1981,1.95625
31-03-1981,5.7875
30-04-1981,11.75625
31-05-1981,15.94375
30-06-1981,18.45625
31-07-1981,19.2375
31-08-1981,18.80625
30-09-1981,16.3
31-10-1981,10.8875
30-11-1981,5.71875
31-12-1981,1.8625
31-01-1982,0.74375
28-02-1982,-0.775
31-03-1982,3.74375
30-04-1982,10.69375
31-05-1982,13.1375
30-06-1982,18.1375
31-07-1982,20.03125
31-08-1982,19.01875
30-09-1982,15.675
31-10-1982,11.81875
30-11-1982,6.31875
31-12-1982,1.6
31-01-1983,-0.11875
28-02-1983,0.63125
31-03-1983,3.74375
30-04-1983,8.60625
31-05-1983,13.70625
30-06-1983,17.3
31-07-1983,18.9125
31-08-1983,19.3375
30-09-1983,17.0375
31-10-1983,11.44375
30-11-1983,6.8375
31-12-1983,2.35625
31-01-1984,-0.00625
29-02-1984,-0.34375
31-03-1984,7.80625
30-04-1984,11.08125
31-05-1984,16.5125
30-06-1984,20.425
31-07-1984,19.23125
31-08-1984,19.3625
30-09-1984,15.10625
31-10-1984,11.28125
30-11-1984,6.16875
31-12-1984,1.675
31-01-1985,-0.11875
28-02-1985,2.7
31-03-1985,8.025
30-04-1985,11.65
31-05-1985,15.14375
30-06-1985,18.61875
31-07-1985,19.79375
31-08-1985,19.21875
30-09-1985,16.925
31-10-1985,11.175
30-11-1985,6.71875
31-12-1985,2.6125
31-01-1986,-1.175
28-02-1986,1.25625
31-03-1986,4.775
30-04-1986,10.325
31-05-1986,13.30625
30-06-1986,18.05
31-07-1986,19.0875
31-08-1986,18.55625
30-09-1986,16.24375
31-10-1986,12.3125
30-11-1986,6.88125
31-12-1986,0.9125
31-01-1987,0.71875
28-02-1987,2.73125
31-03-1987,6.55
30-04-1987,11.275
31-05-1987,11.73125
30-06-1987,17.4375
31-07-1987,19.625
31-08-1987,19.7375
30-09-1987,17.68125
31-10-1987,11.99375
30-11-1987,7.3
31-12-1987,3.03125
31-01-1988,1.90625
29-02-1988,2.875
31-03-1988,5.51875
30-04-1988,12.56875
31-05-1988,16.625
30-06-1988,18.54375
31-07-1988,19.99375
31-08-1988,18.5
30-09-1988,16.6125
31-10-1988,11.65625
30-11-1988,7.4
31-12-1988,3.14375
31-01-1989,-0.80625
28-02-1989,0.35625
31-03-1989,5.525
30-04-1989,9.40625
31-05-1989,14.225
30-06-1989,17.4625
31-07-1989,18.75625
31-08-1989,17.8125
30-09-1989,16.34375
31-10-1989,12.14375
30-11-1989,6.25
31-12-1989,2.7625
31-01-1990,2.19375
28-02-1990,1.725
31-03-1990,4.8125
30-04-1990,10.28125
31-05-1990,16.675
30-06-1990,19.15
31-07-1990,19.79375
31-08-1990,19.1
30-09-1990,17.4375
31-10-1990,11.475
30-11-1990,7.5125
31-12-1990,2.41875
31-01-1991,-0.81875
28-02-1991,0.70625
31-03-1991,5.6375
30-04-1991,9.55
31-05-1991,13.3625
30-06-1991,18.3625
31-07-1991,20.24375
31-08-1991,18.88125
30-09-1991,16.71875
31-10-1991,11.06875
30-11-1991,6.39375
31-12-1991,3.3125
31-01-1992,0.65625
29-02-1992,0.8375
31-03-1992,4.9375
30-04-1992,9.775
31-05-1992,13.06875
30-06-1992,17.8125
31-07-1992,18.925
31-08-1992,18.4125
30-09-1992,15.51875
31-10-1992,11.73125
30-11-1992,6.675
31-12-1992,3.58125
31-01-1993,-0.9
28-02-1993,3.73125
31-03-1993,4.44375
30-04-1993,11.21875
31-05-1993,15.6375
30-06-1993,18.375
31-07-1993,18.55625
31-08-1993,19.19375
30-09-1993,16.425
31-10-1993,11.56875
30-11-1993,7.34375
31-12-1993,3.11875
31-01-1994,0.9375
28-02-1994,0.875
31-03-1994,7.225
30-04-1994,9.63125
31-05-1994,15.00625
30-06-1994,19.0375
31-07-1994,19.55
31-08-1994,18.96875
30-09-1994,15.19375
31-10-1994,10.825
30-11-1994,7.4625
31-12-1994,2.3875
31-01-1995,-1.20625
28-02-1995,1.38125
31-03-1995,4.99375
30-04-1995,8.93125
31-05-1995,15.0375
30-06-1995,19.11875
31-07-1995,19.44375
31-08-1995,18.29375
30-09-1995,16.00625
31-10-1995,12.0875
30-11-1995,6.69375
31-12-1995,1.81875
31-01-1996,-0.075
29-02-1996,2.15
31-03-1996,6.61875
30-04-1996,11.25625
31-05-1996,13.375
30-06-1996,17.29375
31-07-1996,19.30625
31-08-1996,18.08125
30-09-1996,16.6625
31-10-1996,11.15
30-11-1996,6.09375
31-12-1996,1.8875
31-01-1997,-0.36875
28-02-1997,1.2125
31-03-1997,5.78125
30-04-1997,9.775
31-05-1997,12.5125
30-06-1997,17.325
31-07-1997,19.9625
31-08-1997,18.11875
30-09-1997,16.71875
31-10-1997,9.9
30-11-1997,5.775
31-12-1997,1.11875
31-01-1998,-0.3375
28-02-1998,1.78125
31-03-1998,4.83125
30-04-1998,11.78125
31-05-1998,15.18125
30-06-1998,18.45625
31-07-1998,19.83125
31-08-1998,19.0625
30-09-1998,16.50625
31-10-1998,13.15625
30-11-1998,6.3375
31-12-1998,2.125
31-01-1999,0.3875
28-02-1999,2.60625
31-03-1999,6.75
30-04-1999,12.85
31-05-1999,15.90625
30-06-1999,18.64375
31-07-1999,20.1125
31-08-1999,19.11875
30-09-1999,18.125
31-10-1999,13.275
30-11-1999,7.925
31-12-1999,3.40625
31-01-2000,0.625
29-02-2000,0.21875
31-03-2000,5.7375
30-04-2000,13.26875
31-05-2000,18.11875
30-06-2000,18.51875
31-07-2000,19.45625
31-08-2000,18.93125
30-09-2000,16.55
31-10-2000,13.3625
30-11-2000,7.51875
31-12-2000,3.15
31-01-2001,0.1125
28-02-2001,2.7375
31-03-2001,7.05
30-04-2001,11.775
31-05-2001,17.0625
30-06-2001,18.19375
31-07-2001,19.25625
31-08-2001,19.1125
30-09-2001,16.45625
31-10-2001,13.0625
30-11-2001,7.525
31-12-2001,3.14375
31-01-2002,0.24375
28-02-2002,1.1375
31-03-2002,7.325
30-04-2002,12.34375
31-05-2002,16.3
30-06-2002,18.6375
31-07-2002,20.00625
31-08-2002,19.4875
30-09-2002,14.93125
31-10-2002,12.78125
30-11-2002,7.75625
31-12-2002,3.1625
31-01-2003,0.0375
28-02-2003,1.5125
31-03-2003,5.8625
30-04-2003,11.78125
31-05-2003,13.80625
30-06-2003,18.9875
31-07-2003,19.58125
31-08-2003,18.68125
30-09-2003,16.5625
31-10-2003,12.0375
30-11-2003,6.20625
31-12-2003,2.75
31-01-2004,0.4625
29-02-2004,2.94375
31-03-2004,9.8125
30-04-2004,13.2625
31-05-2004,15.25625
30-06-2004,17.7
31-07-2004,19.80625
31-08-2004,18.5125
30-09-2004,17.04375
31-10-2004,10.95
30-11-2004,7.55625
31-12-2004,3.425
31-01-2005,-0.64375
28-02-2005,0.21875
31-03-2005,6.8375
30-04-2005,10.9625
31-05-2005,13.6125
30-06-2005,18.925
31-07-2005,19.0375
31-08-2005,19.20625
30-09-2005,17.1875
31-10-2005,12.575
30-11-2005,6.68125
31-12-2005,2
31-01-2006,0.0625
28-02-2006,5
31-03-2006,6.975
30-04-2006,9.63125
31-05-2006,17.91875
30-06-2006,17.83125
31-07-2006,20.13125
31-08-2006,18.825
30-09-2006,16.45
31-10-2006,13.44375
30-11-2006,7.45
31-12-2006,2.28125
31-01-2007,0.85625
28-02-2007,2.88125
31-03-2007,6.1
30-04-2007,14.60625
31-05-2007,16.2625
30-06-2007,18.6375
31-07-2007,19.5875
31-08-2007,19.425
30-09-2007,16.95
31-10-2007,11.825
30-11-2007,7.60625
31-12-2007,2.2125
31-01-2008,-1.19375
29-02-2008,0.33125
31-03-2008,9.40625
30-04-2008,11.11875
31-05-2008,16.225
30-06-2008,19.9875
31-07-2008,19.85625
31-08-2008,18.25
30-09-2008,16.15625
31-10-2008,13.40625
30-11-2008,7.6125
31-12-2008,3.41875
31-01-2009,1.7375
28-02-2009,3.1625
31-03-2009,7.25
30-04-2009,11.89375
31-05-2009,15.85
30-06-2009,18.16875
31-07-2009,19.9
31-08-2009,20.16875
30-09-2009,16.5125
31-10-2009,12.64375
30-11-2009,5.91875
31-12-2009,2.475
31-01-2010,0.8625
28-02-2010,1.83125
31-03-2010,9.725
30-04-2010,14.2875
31-05-2010,15.3125
30-06-2010,17.24375
31-07-2010,18.95
31-08-2010,18.89375
30-09-2010,16.03125
31-10-2010,13.60625
30-11-2010,8.0125
31-12-2010,2.425
31-01-2011,-0.96875
28-02-2011,2.23125
31-03-2011,6.55
30-04-2011,11.33125
31-05-2011,17.40625
30-06-2011,19.4375
31-07-2011,19.825
31-08-2011,18.90625
30-09-2011,16.43125
31-10-2011,13.30625
30-11-2011,7.9375
31-12-2011,2.325
31-01-2012,-1.15
29-02-2012,0.26875
31-03-2012,6.275
30-04-2012,11.09375
31-05-2012,15.175
30-06-2012,18.98125
31-07-2012,20.8625
31-08-2012,19.0125
30-09-2012,16.76875
31-10-2012,11.89375
30-11-2012,6.45625
31-12-2012,2.94375
31-01-2013,-0.76875
28-02-2013,0.84375
31-03-2013,6.9375
30-04-2013,11.90625
31-05-2013,16.0375
30-06-2013,19.2375
31-07-2013,20.4375
31-08-2013,19.325
30-09-2013,17.525
31-10-2013,14.4375
30-11-2013,6.825
31-12-2013,3.18125
31-01-2014,0.19375
28-02-2014,0.9875
31-03-2014,6.05625
30-04-2014,10.7375
31-05-2014,14.40625
30-06-2014,19.30625
31-07-2014,20.58125
31-08-2014,19.69375
30-09-2014,17.0375
31-10-2014,12.88125
30-11-2014,7.0625
31-12-2014,1.75625
31-01-2015,0.48125
28-02-2015,2.45
31-03-2015,5.425
30-04-2015,11.625
31-05-2015,15.2
30-06-2015,18.26875
31-07-2015,19.1625
31-08-2015,18.49375
30-09-2015,16.0875
31-10-2015,13.09375
30-11-2015,7.86875
31-12-2015,2.68125
31-01-2016,1.16875
29-02-2016,2.775
31-03-2016,7.00625
30-04-2016,12.66875
31-05-2016,15.93125
30-06-2016,20.0125
31-07-2016,20.18125
31-08-2016,18.7
30-09-2016,17.75
31-10-2016,13.5125
30-11-2016,7.0125
31-12-2016,3.45625
31-01-2017,-0.23125
28-02-2017,2.59375
31-03-2017,6.51875
30-04-2017,13.20625
31-05-2017,16.425
30-06-2017,18.4375
31-07-2017,19.88125
31-08-2017,19.29375
30-09-2017,17.025
31-10-2017,13.96875
30-11-2017,6.88125
31-12-2017,3.05
31-01-2018,1.66875
28-02-2018,3.33125
31-03-2018,9.04375
30-04-2018,13.25625
31-05-2018,15.40625
30-06-2018,19.09375
31-07-2018,19.9
31-08-2018,20.03125
30-09-2018,17.05
31-10-2018,11.85625
30-11-2018,6.94375
31-12-2018,2.25
31-01-2019,-0.26875
28-02-2019,0.75625
31-03-2019,5.65625
30-04-2019,12.6875
31-05-2019,14.41875
30-06-2019,17.9125
31-07-2019,19.98125
31-08-2019,19.00625
30-09-2019,17.88125
31-10-2019,12.35
30-11-2019,6.74375
31-12-2019,1.1375
